species,day,date,lon,lat
American Golden-Plover,1,2015-01-01,-58.019,-31.0456
American Golden-Plover,2,2015-01-02,-58.0406,-31.096
American Golden-Plover,3,2015-01-03,-58.07,-31.129
American Golden-Plover,4,2015-01-04,-58.1073,-31.1447
American Golden-Plover,5,2015-01-05,-58.1524,-31.1432
American Golden-Plover,6,2015-01-06,-58.2054,-31.1246
American Golden-Plover,7,2015-01-07,-58.2661,-31.0888
American Golden-Plover,8,2015-01-08,-58.3347,-31.0359
American Golden-Plover,9,2015-01-09,-58.411,-30.9659
American Golden-Plover,10,2015-01-10,-58.4951,-30.8787
American Golden-Plover,11,2015-01-11,-58.5869,-30.7742
American Golden-Plover,12,2015-01-12,-58.6864,-30.6525
American Golden-Plover,13,2015-01-13,-58.7936,-30.5135
American Golden-Plover,14,2015-01-14,-58.9085,-30.3569
American Golden-Plover,15,2015-01-15,-59.031,-30.1828
American Golden-Plover,16,2015-01-16,-59.1611,-29.991
American Golden-Plover,17,2015-01-17,-59.2989,-29.7814
American Golden-Plover,18,2015-01-18,-59.4442,-29.5537
American Golden-Plover,19,2015-01-19,-59.597,-29.3079
American Golden-Plover,20,2015-01-20,-59.7573,-29.0437
American Golden-Plover,21,2015-01-21,-59.9252,-28.7611
American Golden-Plover,22,2015-01-22,-60.1004,-28.4601
American Golden-Plover,23,2015-01-23,-60.2832,-28.1405
American Golden-Plover,25,2015-01-25,-60.6708,-27.4458
American Golden-Plover,26,2015-01-26,-60.8756,-27.0704
American Golden-Plover,27,2015-01-27,-61.0878,-26.6763
American Golden-Plover,28,2015-01-28,-61.3074,-26.2634
American Golden-Plover,29,2015-01-29,-61.5342,-25.8315
American Golden-Plover,30,2015-01-30,-61.7684,-25.3806
American Golden-Plover,31,2015-01-31,-62.0098,-24.9106
American Golden-Plover,32,2015-02-01,-62.2586,-24.4213
American Golden-Plover,33,2015-02-02,-62.5146,-23.9127
American Golden-Plover,35,2015-02-04,-63.0484,-22.8368
American Golden-Plover,36,2015-02-05,-63.3263,-22.2693
American Golden-Plover,37,2015-02-06,-63.6114,-21.6821
American Golden-Plover,38,2015-02-07,-63.9039,-21.0749
American Golden-Plover,39,2015-02-08,-64.2036,-20.4479
American Golden-Plover,40,2015-02-09,-64.5103,-19.8012
American Golden-Plover,41,2015-02-10,-64.824,-19.1352
American Golden-Plover,42,2015-02-11,-65.1444,-18.4502
American Golden-Plover,43,2015-02-12,-65.4713,-17.7465
American Golden-Plover,44,2015-02-13,-65.8047,-17.0245
American Golden-Plover,45,2015-02-14,-66.1444,-16.2846
American Golden-Plover,46,2015-02-15,-66.4902,-15.5273
American Golden-Plover,47,2015-02-16,-66.8419,-14.7531
American Golden-Plover,48,2015-02-17,-67.1994,-13.9625
American Golden-Plover,49,2015-02-18,-67.5625,-13.156
American Golden-Plover,50,2015-02-19,-67.9312,-12.3344
American Golden-Plover,51,2015-02-20,-68.3052,-11.4984
American Golden-Plover,52,2015-02-21,-68.6844,-10.6485
American Golden-Plover,53,2015-02-22,-69.0686,-9.7856
American Golden-Plover,54,2015-02-23,-69.4578,-8.9106
American Golden-Plover,55,2015-02-24,-69.8517,-8.0242
American Golden-Plover,56,2015-02-25,-70.2502,-7.1273
American Golden-Plover,57,2015-02-26,-70.6532,-6.2211
American Golden-Plover,58,2015-02-27,-71.0601,-5.3066
American Golden-Plover,59,2015-02-28,-71.4707,-4.3853
American Golden-Plover,60,2015-03-01,-71.8846,-3.4585
American Golden-Plover,61,2015-03-02,-72.3013,-2.5276
American Golden-Plover,62,2015-03-03,-72.7205,-1.5938
American Golden-Plover,63,2015-03-04,-73.1418,-0.6588
American Golden-Plover,64,2015-03-05,-73.5647,0.2761
American Golden-Plover,65,2015-03-06,-73.989,1.2095
American Golden-Plover,66,2015-03-07,-74.4142,2.14
American Golden-Plover,67,2015-03-08,-74.84,3.0662
American Golden-Plover,68,2015-03-09,-75.2659,3.9866
American Golden-Plover,69,2015-03-10,-75.6915,4.8999
American Golden-Plover,70,2015-03-11,-76.1166,5.8048
American Golden-Plover,71,2015-03-12,-76.5406,6.7001
American Golden-Plover,72,2015-03-13,-76.9633,7.5844
American Golden-Plover,73,2015-03-14,-77.3843,8.4565
American Golden-Plover,74,2015-03-15,-77.8031,9.3155
American Golden-Plover,75,2015-03-16,-78.2195,10.1603
American Golden-Plover,76,2015-03-17,-78.6332,10.9907
American Golden-Plover,77,2015-03-18,-79.0443,11.8067
American Golden-Plover,78,2015-03-19,-79.4526,12.6086
American Golden-Plover,79,2015-03-20,-79.8581,13.3963
American Golden-Plover,80,2015-03-21,-80.2608,14.1701
American Golden-Plover,81,2015-03-22,-80.6606,14.9303
American Golden-Plover,82,2015-03-23,-81.0575,15.6772
American Golden-Plover,83,2015-03-24,-81.4515,16.411
American Golden-Plover,84,2015-03-25,-81.8427,17.1322
American Golden-Plover,85,2015-03-26,-82.2311,17.8411
American Golden-Plover,86,2015-03-27,-82.6167,18.5383
American Golden-Plover,87,2015-03-28,-82.9995,19.2241
American Golden-Plover,88,2015-03-29,-83.3798,19.899
American Golden-Plover,89,2015-03-30,-83.7575,20.5637
American Golden-Plover,90,2015-03-31,-84.1328,21.2185
American Golden-Plover,91,2015-04-01,-84.5058,21.8641
American Golden-Plover,92,2015-04-02,-84.8767,22.5011
American Golden-Plover,93,2015-04-03,-85.2455,23.13
American Golden-Plover,94,2015-04-04,-85.6125,23.7519
American Golden-Plover,95,2015-04-05,-85.978,24.3679
American Golden-Plover,96,2015-04-06,-86.3424,24.9791
American Golden-Plover,97,2015-04-07,-86.7058,25.5867
American Golden-Plover,98,2015-04-08,-87.0688,26.1919
American Golden-Plover,99,2015-04-09,-87.4315,26.7959
American Golden-Plover,100,2015-04-10,-87.7945,27.3998
American Golden-Plover,101,2015-04-11,-88.1582,28.0047
American Golden-Plover,102,2015-04-12,-88.5229,28.6119
American Golden-Plover,103,2015-04-13,-88.8892,29.2226
American Golden-Plover,104,2015-04-14,-89.2576,29.838
American Golden-Plover,105,2015-04-15,-89.6286,30.4592
American Golden-Plover,106,2015-04-16,-90.0028,31.0874
American Golden-Plover,107,2015-04-17,-90.3809,31.724
American Golden-Plover,108,2015-04-18,-90.7634,32.3701
American Golden-Plover,109,2015-04-19,-91.1511,33.027
American Golden-Plover,110,2015-04-20,-91.5448,33.6959
American Golden-Plover,111,2015-04-21,-91.9453,34.3781
American Golden-Plover,112,2015-04-22,-92.3532,35.0741
American Golden-Plover,113,2015-04-23,-92.7683,35.7836
American Golden-Plover,114,2015-04-24,-93.1909,36.5063
American Golden-Plover,115,2015-04-25,-93.6209,37.2417
American Golden-Plover,116,2015-04-26,-94.0584,37.9896
American Golden-Plover,117,2015-04-27,-94.5033,38.7494
American Golden-Plover,118,2015-04-28,-94.9556,39.5206
American Golden-Plover,119,2015-04-29,-95.4152,40.3027
American Golden-Plover,120,2015-04-30,-95.882,41.0951
American Golden-Plover,121,2015-05-01,-96.3558,41.8971
American Golden-Plover,122,2015-05-02,-96.8364,42.708
American Golden-Plover,123,2015-05-03,-97.3236,43.5271
American Golden-Plover,124,2015-05-04,-97.8171,44.3536
American Golden-Plover,125,2015-05-05,-98.3165,45.1867
American Golden-Plover,126,2015-05-06,-98.8214,46.0255
American Golden-Plover,127,2015-05-07,-99.3312,46.8692
American Golden-Plover,128,2015-05-08,-99.8454,47.7167
American Golden-Plover,129,2015-05-09,-100.3632,48.5672
American Golden-Plover,130,2015-05-10,-100.8842,49.4194
American Golden-Plover,131,2015-05-11,-101.4077,50.2716
American Golden-Plover,132,2015-05-12,-101.9333,51.1219
American Golden-Plover,133,2015-05-13,-102.4602,51.9686
American Golden-Plover,134,2015-05-14,-102.9877,52.8097
American Golden-Plover,135,2015-05-15,-103.5148,53.6434
American Golden-Plover,136,2015-05-16,-104.0403,54.4679
American Golden-Plover,137,2015-05-17,-104.5628,55.2815
American Golden-Plover,138,2015-05-18,-105.0809,56.0822
American Golden-Plover,139,2015-05-19,-105.5926,56.8685
American Golden-Plover,140,2015-05-20,-106.0961,57.6385
American Golden-Plover,141,2015-05-21,-106.589,58.3907
American Golden-Plover,142,2015-05-22,-107.069,59.1235
American Golden-Plover,143,2015-05-23,-107.5331,59.8352
American Golden-Plover,144,2015-05-24,-107.9784,60.5245
American Golden-Plover,145,2015-05-25,-108.4016,61.1899
American Golden-Plover,146,2015-05-26,-108.7991,61.83
American Golden-Plover,147,2015-05-27,-109.1671,62.4435
American Golden-Plover,148,2015-05-28,-109.5023,63.0294
American Golden-Plover,149,2015-05-29,-109.8036,63.5881
American Golden-Plover,150,2015-05-30,-110.0711,64.1201
American Golden-Plover,151,2015-05-31,-110.3047,64.626
American Golden-Plover,152,2015-06-01,-110.5046,65.1063
American Golden-Plover,153,2015-06-02,-110.6714,65.5616
American Golden-Plover,154,2015-06-03,-110.8056,65.9923
American Golden-Plover,155,2015-06-04,-110.908,66.3989
American Golden-Plover,156,2015-06-05,-110.9796,66.7819
American Golden-Plover,157,2015-06-06,-111.0218,67.1418
American Golden-Plover,158,2015-06-07,-111.036,67.4788
American Golden-Plover,159,2015-06-08,-111.0238,67.7935
American Golden-Plover,160,2015-06-09,-110.9872,68.0861
American Golden-Plover,161,2015-06-10,-110.9281,68.3571
American Golden-Plover,162,2015-06-11,-110.8489,68.6067
American Golden-Plover,163,2015-06-12,-110.7521,68.8353
American Golden-Plover,164,2015-06-13,-110.6402,69.0433
American Golden-Plover,165,2015-06-14,-110.5161,69.2308
American Golden-Plover,166,2015-06-15,-110.3825,69.3983
American Golden-Plover,167,2015-06-16,-110.2411,69.5466
American Golden-Plover,168,2015-06-17,-110.093,69.6765
American Golden-Plover,169,2015-06-18,-109.9394,69.7891
American Golden-Plover,170,2015-06-19,-109.7814,69.8852
American Golden-Plover,171,2015-06-20,-109.62,69.9658
American Golden-Plover,172,2015-06-21,-109.4566,70.0318
American Golden-Plover,173,2015-06-22,-109.2922,70.0841
American Golden-Plover,174,2015-06-23,-109.128,70.1235
American Golden-Plover,175,2015-06-24,-108.9651,70.151
American Golden-Plover,176,2015-06-25,-108.8046,70.1674
American Golden-Plover,177,2015-06-26,-108.6475,70.1737
American Golden-Plover,178,2015-06-27,-108.4949,70.1707
American Golden-Plover,179,2015-06-28,-108.3477,70.1592
American Golden-Plover,180,2015-06-29,-108.2069,70.1401
American Golden-Plover,181,2015-06-30,-108.0735,70.1143
American Golden-Plover,182,2015-07-01,-107.9482,70.0827
American Golden-Plover,183,2015-07-02,-107.832,70.046
American Golden-Plover,184,2015-07-03,-107.7256,70.0051
American Golden-Plover,185,2015-07-04,-107.6288,69.9606
American Golden-Plover,186,2015-07-05,-107.5407,69.9122
American Golden-Plover,187,2015-07-06,-107.4602,69.8602
American Golden-Plover,188,2015-07-07,-107.3862,69.8043
American Golden-Plover,189,2015-07-08,-107.3177,69.7447
American Golden-Plover,190,2015-07-09,-107.2536,69.6812
American Golden-Plover,191,2015-07-10,-107.1929,69.6139
American Golden-Plover,192,2015-07-11,-107.1345,69.5427
American Golden-Plover,193,2015-07-12,-107.0774,69.4676
American Golden-Plover,194,2015-07-13,-107.0207,69.3886
American Golden-Plover,195,2015-07-14,-106.9632,69.3055
American Golden-Plover,196,2015-07-15,-106.9041,69.2184
American Golden-Plover,197,2015-07-16,-106.8423,69.1271
American Golden-Plover,198,2015-07-17,-106.7768,69.0317
American Golden-Plover,199,2015-07-18,-106.7068,68.932
American Golden-Plover,200,2015-07-19,-106.6312,68.828
American Golden-Plover,201,2015-07-20,-106.549,68.7196
American Golden-Plover,202,2015-07-21,-106.4595,68.6068
American Golden-Plover,203,2015-07-22,-106.3612,68.4892
American Golden-Plover,204,2015-07-23,-106.2516,68.366
American Golden-Plover,205,2015-07-24,-106.1283,68.2366
American Golden-Plover,206,2015-07-25,-105.9889,68.1
American Golden-Plover,207,2015-07-26,-105.8312,67.9554
American Golden-Plover,208,2015-07-27,-105.6527,67.802
American Golden-Plover,209,2015-07-28,-105.4515,67.6387
American Golden-Plover,210,2015-07-29,-105.2254,67.4648
American Golden-Plover,211,2015-07-30,-104.9725,67.2792
American Golden-Plover,212,2015-07-31,-104.6909,67.0808
American Golden-Plover,213,2015-08-01,-104.379,66.8687
American Golden-Plover,214,2015-08-02,-104.0353,66.6417
American Golden-Plover,215,2015-08-03,-103.6583,66.3986
American Golden-Plover,216,2015-08-04,-103.2471,66.1383
American Golden-Plover,217,2015-08-05,-102.8006,65.8594
American Golden-Plover,218,2015-08-06,-102.318,65.5605
American Golden-Plover,219,2015-08-07,-101.799,65.2404
American Golden-Plover,220,2015-08-08,-101.2432,64.8974
American Golden-Plover,221,2015-08-09,-100.6512,64.5305
American Golden-Plover,222,2015-08-10,-100.0263,64.1391
American Golden-Plover,223,2015-08-11,-99.3721,63.7234
American Golden-Plover,224,2015-08-12,-98.6922,63.2833
American Golden-Plover,225,2015-08-13,-97.9903,62.8189
American Golden-Plover,226,2015-08-14,-97.2699,62.3303
American Golden-Plover,227,2015-08-15,-96.5341,61.8176
American Golden-Plover,228,2015-08-16,-95.7862,61.2812
American Golden-Plover,229,2015-08-17,-95.0293,60.7213
American Golden-Plover,230,2015-08-18,-94.266,60.1383
American Golden-Plover,231,2015-08-19,-93.499,59.5327
American Golden-Plover,232,2015-08-20,-92.7309,58.905
American Golden-Plover,233,2015-08-21,-91.9637,58.2559
American Golden-Plover,234,2015-08-22,-91.1997,57.586
American Golden-Plover,235,2015-08-23,-90.4405,56.8962
American Golden-Plover,236,2015-08-24,-89.6879,56.1874
American Golden-Plover,237,2015-08-25,-88.9434,55.4605
American Golden-Plover,238,2015-08-26,-88.2082,54.7166
American Golden-Plover,239,2015-08-27,-87.4836,53.9568
American Golden-Plover,240,2015-08-28,-86.7714,53.1828
American Golden-Plover,241,2015-08-29,-86.0736,52.3971
American Golden-Plover,242,2015-08-30,-85.3919,51.6016
American Golden-Plover,243,2015-08-31,-84.7275,50.7987
American Golden-Plover,244,2015-09-01,-84.0817,49.9905
American Golden-Plover,245,2015-09-02,-83.4553,49.1794
American Golden-Plover,246,2015-09-03,-82.8491,48.3676
American Golden-Plover,247,2015-09-04,-82.2635,47.5571
American Golden-Plover,248,2015-09-05,-81.6989,46.7501
American Golden-Plover,249,2015-09-06,-81.1555,45.9487
American Golden-Plover,250,2015-09-07,-80.6335,45.1548
American Golden-Plover,251,2015-09-08,-80.133,44.3703
American Golden-Plover,252,2015-09-09,-79.6538,43.5971
American Golden-Plover,253,2015-09-10,-79.1959,42.8368
American Golden-Plover,254,2015-09-11,-78.7592,42.0912
American Golden-Plover,255,2015-09-12,-78.3435,41.3617
American Golden-Plover,256,2015-09-13,-77.9486,40.6499
American Golden-Plover,257,2015-09-14,-77.5743,39.957
American Golden-Plover,258,2015-09-15,-77.2196,39.283
American Golden-Plover,259,2015-09-16,-76.8827,38.6261
American Golden-Plover,260,2015-09-17,-76.5621,37.9846
American Golden-Plover,261,2015-09-18,-76.2563,37.3568
American Golden-Plover,262,2015-09-19,-75.9639,36.7412
American Golden-Plover,263,2015-09-20,-75.6838,36.1359
American Golden-Plover,264,2015-09-21,-75.4148,35.5393
American Golden-Plover,265,2015-09-22,-75.1559,34.9498
American Golden-Plover,266,2015-09-23,-74.9061,34.3658
American Golden-Plover,267,2015-09-24,-74.6646,33.7855
American Golden-Plover,268,2015-09-25,-74.4305,33.2074
American Golden-Plover,269,2015-09-26,-74.203,32.6299
American Golden-Plover,270,2015-09-27,-73.9814,32.0514
American Golden-Plover,271,2015-09-28,-73.7651,31.4702
American Golden-Plover,272,2015-09-29,-73.5534,30.8849
American Golden-Plover,273,2015-09-30,-73.3457,30.2938
American Golden-Plover,274,2015-10-01,-73.1415,29.6954
American Golden-Plover,275,2015-10-02,-72.9403,29.0882
American Golden-Plover,276,2015-10-03,-72.7416,28.4709
American Golden-Plover,277,2015-10-04,-72.5452,27.8431
American Golden-Plover,278,2015-10-05,-72.3509,27.2044
American Golden-Plover,279,2015-10-06,-72.1586,26.5543
American Golden-Plover,280,2015-10-07,-71.9681,25.8924
American Golden-Plover,281,2015-10-08,-71.7793,25.2183
American Golden-Plover,282,2015-10-09,-71.5919,24.5317
American Golden-Plover,283,2015-10-10,-71.4058,23.8322
American Golden-Plover,284,2015-10-11,-71.221,23.1195
American Golden-Plover,285,2015-10-12,-71.0372,22.3933
American Golden-Plover,286,2015-10-13,-70.8543,21.6533
American Golden-Plover,287,2015-10-14,-70.6723,20.8994
American Golden-Plover,288,2015-10-15,-70.491,20.1312
American Golden-Plover,289,2015-10-16,-70.3104,19.3487
American Golden-Plover,290,2015-10-17,-70.1302,18.5517
American Golden-Plover,291,2015-10-18,-69.9505,17.7402
American Golden-Plover,292,2015-10-19,-69.7711,16.9141
American Golden-Plover,293,2015-10-20,-69.592,16.0733
American Golden-Plover,294,2015-10-21,-69.4131,15.2183
American Golden-Plover,295,2015-10-22,-69.2343,14.3497
American Golden-Plover,296,2015-10-23,-69.0554,13.4685
American Golden-Plover,297,2015-10-24,-68.8762,12.5759
American Golden-Plover,298,2015-10-25,-68.6967,11.6727
American Golden-Plover,299,2015-10-26,-68.5167,10.76
American Golden-Plover,300,2015-10-27,-68.3359,9.8389
American Golden-Plover,301,2015-10-28,-68.1544,8.9104
American Golden-Plover,302,2015-10-29,-67.9718,7.9754
American Golden-Plover,303,2015-10-30,-67.788,7.0351
American Golden-Plover,304,2015-10-31,-67.6029,6.0904
American Golden-Plover,305,2015-11-01,-67.4162,5.1423
American Golden-Plover,306,2015-11-02,-67.2278,4.1917
American Golden-Plover,307,2015-11-03,-67.0374,3.2397
American Golden-Plover,308,2015-11-04,-66.845,2.2872
American Golden-Plover,309,2015-11-05,-66.6502,1.3349
American Golden-Plover,310,2015-11-06,-66.4529,0.3839
American Golden-Plover,311,2015-11-07,-66.2529,-0.5651
American Golden-Plover,312,2015-11-08,-66.0499,-1.5114
American Golden-Plover,313,2015-11-09,-65.8441,-2.4538
American Golden-Plover,314,2015-11-10,-65.6358,-3.3914
American Golden-Plover,315,2015-11-11,-65.4252,-4.3232
American Golden-Plover,316,2015-11-12,-65.2127,-5.2482
American Golden-Plover,317,2015-11-13,-64.9984,-6.1653
American Golden-Plover,318,2015-11-14,-64.7826,-7.0736
American Golden-Plover,319,2015-11-15,-64.5656,-7.9722
American Golden-Plover,320,2015-11-16,-64.3477,-8.8602
American Golden-Plover,321,2015-11-17,-64.129,-9.7367
American Golden-Plover,322,2015-11-18,-63.91,-10.6009
American Golden-Plover,323,2015-11-19,-63.6908,-11.4519
American Golden-Plover,324,2015-11-20,-63.4718,-12.289
American Golden-Plover,325,2015-11-21,-63.253,-13.1116
American Golden-Plover,326,2015-11-22,-63.035,-13.9188
American Golden-Plover,327,2015-11-23,-62.8178,-14.71
American Golden-Plover,328,2015-11-24,-62.6017,-15.4848
American Golden-Plover,329,2015-11-25,-62.3871,-16.2424
American Golden-Plover,330,2015-11-26,-62.1742,-16.9824
American Golden-Plover,331,2015-11-27,-61.9632,-17.7044
American Golden-Plover,332,2015-11-28,-61.7544,-18.4083
American Golden-Plover,333,2015-11-29,-61.5483,-19.0938
American Golden-Plover,334,2015-11-30,-61.3449,-19.7609
American Golden-Plover,335,2015-12-01,-61.1448,-20.4095
American Golden-Plover,336,2015-12-02,-60.9481,-21.0393
American Golden-Plover,337,2015-12-03,-60.7553,-21.6502
American Golden-Plover,338,2015-12-04,-60.5665,-22.2423
American Golden-Plover,339,2015-12-05,-60.3822,-22.8152
American Golden-Plover,340,2015-12-06,-60.2027,-23.3691
American Golden-Plover,341,2015-12-07,-60.0284,-23.9036
American Golden-Plover,342,2015-12-08,-59.8595,-24.4188
American Golden-Plover,343,2015-12-09,-59.6964,-24.9146
American Golden-Plover,344,2015-12-10,-59.5395,-25.3908
American Golden-Plover,345,2015-12-11,-59.3892,-25.8474
American Golden-Plover,346,2015-12-12,-59.2457,-26.2843
American Golden-Plover,347,2015-12-13,-59.1096,-26.7013
American Golden-Plover,348,2015-12-14,-58.981,-27.0985
American Golden-Plover,349,2015-12-15,-58.8604,-27.4757
American Golden-Plover,350,2015-12-16,-58.7476,-27.8332
American Golden-Plover,351,2015-12-17,-58.6428,-28.1714
American Golden-Plover,352,2015-12-18,-58.5459,-28.4904
American Golden-Plover,353,2015-12-19,-58.4569,-28.7904
American Golden-Plover,354,2015-12-20,-58.3758,-29.0718
American Golden-Plover,355,2015-12-21,-58.3026,-29.3347
American Golden-Plover,356,2015-12-22,-58.2373,-29.5792
American Golden-Plover,357,2015-12-23,-58.1799,-29.8056
American Golden-Plover,358,2015-12-24,-58.1304,-30.014
American Golden-Plover,359,2015-12-25,-58.0888,-30.2045
American Golden-Plover,361,2015-12-27,-58.0294,-30.5325
American Golden-Plover,362,2015-12-28,-58.0115,-30.67
American Golden-Plover,363,2015-12-29,-58.0016,-30.7901
American Golden-Plover,364,2015-12-30,-57.9995,-30.8927
American Golden-Plover,365,2015-12-31,-58.0053,-30.9779
Bicknell's Thrush,1,2015-01-01,-73.3715,18.7191
Bicknell's Thrush,5,2015-01-05,-72.8489,18.718
Bicknell's Thrush,7,2015-01-07,-72.6093,18.7152
Bicknell's Thrush,11,2015-01-11,-72.1891,18.7042
Bicknell's Thrush,12,2015-01-12,-72.0986,18.7001
Bicknell's Thrush,15,2015-01-15,-71.8683,18.6842
Bicknell's Thrush,16,2015-01-16,-71.8066,18.6777
Bicknell's Thrush,17,2015-01-17,-71.7528,18.6704
Bicknell's Thrush,18,2015-01-18,-71.7068,18.6626
Bicknell's Thrush,19,2015-01-19,-71.6681,18.6542
Bicknell's Thrush,20,2015-01-20,-71.6365,18.6454
Bicknell's Thrush,22,2015-01-22,-71.5929,18.6267
Bicknell's Thrush,25,2015-01-25,-71.5716,18.5974
Bicknell's Thrush,26,2015-01-26,-71.5749,18.5876
Bicknell's Thrush,27,2015-01-27,-71.5827,18.5779
Bicknell's Thrush,28,2015-01-28,-71.5948,18.5683
Bicknell's Thrush,29,2015-01-29,-71.6108,18.559
Bicknell's Thrush,30,2015-01-30,-71.6303,18.55
Bicknell's Thrush,31,2015-01-31,-71.653,18.5413
Bicknell's Thrush,32,2015-02-01,-71.6785,18.5332
Bicknell's Thrush,33,2015-02-02,-71.7065,18.5255
Bicknell's Thrush,34,2015-02-03,-71.7367,18.5185
Bicknell's Thrush,35,2015-02-04,-71.7687,18.5122
Bicknell's Thrush,36,2015-02-05,-71.8021,18.5064
Bicknell's Thrush,37,2015-02-06,-71.8366,18.5012
Bicknell's Thrush,38,2015-02-07,-71.8719,18.4962
Bicknell's Thrush,39,2015-02-08,-71.9076,18.4915
Bicknell's Thrush,40,2015-02-09,-71.9434,18.4868
Bicknell's Thrush,41,2015-02-10,-71.9789,18.4819
Bicknell's Thrush,42,2015-02-11,-72.0138,18.4769
Bicknell's Thrush,43,2015-02-12,-72.0478,18.4714
Bicknell's Thrush,44,2015-02-13,-72.0806,18.4653
Bicknell's Thrush,45,2015-02-14,-72.1117,18.4586
Bicknell's Thrush,46,2015-02-15,-72.1409,18.4511
Bicknell's Thrush,48,2015-02-17,-72.192,18.433
Bicknell's Thrush,49,2015-02-18,-72.2133,18.4221
Bicknell's Thrush,50,2015-02-19,-72.2312,18.4098
Bicknell's Thrush,51,2015-02-20,-72.2455,18.3959
Bicknell's Thrush,52,2015-02-21,-72.2559,18.3804
Bicknell's Thrush,54,2015-02-23,-72.2633,18.3437
Bicknell's Thrush,55,2015-02-24,-72.2605,18.3229
Bicknell's Thrush,56,2015-02-25,-72.2537,18.3008
Bicknell's Thrush,57,2015-02-26,-72.2432,18.2777
Bicknell's Thrush,59,2015-02-28,-72.2124,18.2302
Bicknell's Thrush,60,2015-03-01,-72.1927,18.2064
Bicknell's Thrush,61,2015-03-02,-72.1706,18.183
Bicknell's Thrush,62,2015-03-03,-72.1462,18.1603
Bicknell's Thrush,63,2015-03-04,-72.1201,18.1387
Bicknell's Thrush,64,2015-03-05,-72.0924,18.1186
Bicknell's Thrush,65,2015-03-06,-72.0635,18.1002
Bicknell's Thrush,66,2015-03-07,-72.0336,18.0839
Bicknell's Thrush,67,2015-03-08,-72.0031,18.07
Bicknell's Thrush,68,2015-03-09,-71.9722,18.0589
Bicknell's Thrush,70,2015-03-11,-71.9108,18.0464
Bicknell's Thrush,71,2015-03-12,-71.8808,18.0456
Bicknell's Thrush,74,2015-03-15,-71.7963,18.0699
Bicknell's Thrush,80,2015-03-21,-71.6532,18.2832
Bicknell's Thrush,83,2015-03-24,-71.5937,18.5002
Bicknell's Thrush,86,2015-03-27,-71.5417,18.8096
Bicknell's Thrush,88,2015-03-29,-71.511,19.0745
Bicknell's Thrush,89,2015-03-30,-71.4967,19.2261
Bicknell's Thrush,91,2015-04-01,-71.4705,19.5703
Bicknell's Thrush,92,2015-04-02,-71.4583,19.7634
Bicknell's Thrush,93,2015-04-03,-71.4468,19.9704
Bicknell's Thrush,96,2015-04-06,-71.4151,20.6747
Bicknell's Thrush,100,2015-04-10,-71.3773,21.806
Bicknell's Thrush,110,2015-04-20,-71.279,25.5734
Bicknell's Thrush,122,2015-05-02,-71.0707,31.5031
Bicknell's Thrush,126,2015-05-06,-70.9569,33.6242
Bicknell's Thrush,128,2015-05-08,-70.8883,34.6826
Bicknell's Thrush,129,2015-05-09,-70.8508,35.2084
Bicknell's Thrush,130,2015-05-10,-70.8112,35.731
Bicknell's Thrush,131,2015-05-11,-70.7694,36.2494
Bicknell's Thrush,132,2015-05-12,-70.7254,36.763
Bicknell's Thrush,133,2015-05-13,-70.6792,37.2709
Bicknell's Thrush,134,2015-05-14,-70.6308,37.7724
Bicknell's Thrush,135,2015-05-15,-70.5801,38.2668
Bicknell's Thrush,136,2015-05-16,-70.5272,38.7532
Bicknell's Thrush,137,2015-05-17,-70.472,39.231
Bicknell's Thrush,138,2015-05-18,-70.4145,39.6995
Bicknell's Thrush,139,2015-05-19,-70.3548,40.1579
Bicknell's Thrush,140,2015-05-20,-70.2928,40.6055
Bicknell's Thrush,141,2015-05-21,-70.2285,41.0416
Bicknell's Thrush,142,2015-05-22,-70.1619,41.4657
Bicknell's Thrush,143,2015-05-23,-70.0931,41.8768
Bicknell's Thrush,144,2015-05-24,-70.0221,42.2746
Bicknell's Thrush,145,2015-05-25,-69.9488,42.6582
Bicknell's Thrush,146,2015-05-26,-69.8733,43.0271
Bicknell's Thrush,147,2015-05-27,-69.7957,43.381
Bicknell's Thrush,148,2015-05-28,-69.7162,43.72
Bicknell's Thrush,149,2015-05-29,-69.6347,44.0442
Bicknell's Thrush,150,2015-05-30,-69.5515,44.3538
Bicknell's Thrush,151,2015-05-31,-69.4667,44.6489
Bicknell's Thrush,152,2015-06-01,-69.3804,44.9296
Bicknell's Thrush,153,2015-06-02,-69.2928,45.1959
Bicknell's Thrush,154,2015-06-03,-69.204,45.4481
Bicknell's Thrush,155,2015-06-04,-69.1142,45.6861
Bicknell's Thrush,156,2015-06-05,-69.0235,45.9101
Bicknell's Thrush,157,2015-06-06,-68.9321,46.1202
Bicknell's Thrush,158,2015-06-07,-68.8402,46.3165
Bicknell's Thrush,159,2015-06-08,-68.7478,46.499
Bicknell's Thrush,160,2015-06-09,-68.6553,46.6679
Bicknell's Thrush,161,2015-06-10,-68.5627,46.8232
Bicknell's Thrush,162,2015-06-11,-68.4702,46.965
Bicknell's Thrush,163,2015-06-12,-68.378,47.0933
Bicknell's Thrush,164,2015-06-13,-68.2863,47.2083
Bicknell's Thrush,165,2015-06-14,-68.1953,47.3101
Bicknell's Thrush,166,2015-06-15,-68.1052,47.3993
Bicknell's Thrush,167,2015-06-16,-68.0163,47.4768
Bicknell's Thrush,168,2015-06-17,-67.929,47.5431
Bicknell's Thrush,169,2015-06-18,-67.8435,47.5992
Bicknell's Thrush,170,2015-06-19,-67.76,47.6456
Bicknell's Thrush,171,2015-06-20,-67.679,47.6831
Bicknell's Thrush,172,2015-06-21,-67.6005,47.7126
Bicknell's Thrush,173,2015-06-22,-67.5249,47.7345
Bicknell's Thrush,174,2015-06-23,-67.4525,47.7499
Bicknell's Thrush,175,2015-06-24,-67.3835,47.7592
Bicknell's Thrush,176,2015-06-25,-67.3182,47.7633
Bicknell's Thrush,177,2015-06-26,-67.2568,47.7629
Bicknell's Thrush,178,2015-06-27,-67.1995,47.7588
Bicknell's Thrush,179,2015-06-28,-67.1467,47.7516
Bicknell's Thrush,180,2015-06-29,-67.0984,47.742
Bicknell's Thrush,181,2015-06-30,-67.0551,47.7309
Bicknell's Thrush,182,2015-07-01,-67.0168,47.7189
Bicknell's Thrush,183,2015-07-02,-66.9838,47.7068
Bicknell's Thrush,184,2015-07-03,-66.9562,47.6949
Bicknell's Thrush,185,2015-07-04,-66.9337,47.6834
Bicknell's Thrush,186,2015-07-05,-66.9162,47.6722
Bicknell's Thrush,187,2015-07-06,-66.9036,47.6614
Bicknell's Thrush,188,2015-07-07,-66.8956,47.6512
Bicknell's Thrush,189,2015-07-08,-66.8921,47.6415
Bicknell's Thrush,190,2015-07-09,-66.8928,47.6325
Bicknell's Thrush,191,2015-07-10,-66.8977,47.6241
Bicknell's Thrush,192,2015-07-11,-66.9066,47.6164
Bicknell's Thrush,193,2015-07-12,-66.9192,47.6095
Bicknell's Thrush,194,2015-07-13,-66.9354,47.6034
Bicknell's Thrush,195,2015-07-14,-66.955,47.5983
Bicknell's Thrush,196,2015-07-15,-66.9779,47.594
Bicknell's Thrush,197,2015-07-16,-67.0038,47.5908
Bicknell's Thrush,198,2015-07-17,-67.0327,47.5886
Bicknell's Thrush,199,2015-07-18,-67.0643,47.5875
Bicknell's Thrush,200,2015-07-19,-67.0984,47.5876
Bicknell's Thrush,201,2015-07-20,-67.1349,47.5889
Bicknell's Thrush,202,2015-07-21,-67.1736,47.5914
Bicknell's Thrush,203,2015-07-22,-67.2144,47.595
Bicknell's Thrush,204,2015-07-23,-67.2571,47.5995
Bicknell's Thrush,205,2015-07-24,-67.3015,47.6046
Bicknell's Thrush,206,2015-07-25,-67.3474,47.6103
Bicknell's Thrush,207,2015-07-26,-67.3947,47.6162
Bicknell's Thrush,208,2015-07-27,-67.4433,47.6222
Bicknell's Thrush,209,2015-07-28,-67.4929,47.6282
Bicknell's Thrush,210,2015-07-29,-67.5434,47.6338
Bicknell's Thrush,211,2015-07-30,-67.5947,47.639
Bicknell's Thrush,212,2015-07-31,-67.6465,47.6435
Bicknell's Thrush,213,2015-08-01,-67.6987,47.6472
Bicknell's Thrush,214,2015-08-02,-67.7511,47.6498
Bicknell's Thrush,215,2015-08-03,-67.8036,47.6512
Bicknell's Thrush,216,2015-08-04,-67.856,47.6511
Bicknell's Thrush,217,2015-08-05,-67.9081,47.6495
Bicknell's Thrush,218,2015-08-06,-67.9597,47.646
Bicknell's Thrush,219,2015-08-07,-68.0108,47.6405
Bicknell's Thrush,220,2015-08-08,-68.061,47.6329
Bicknell's Thrush,221,2015-08-09,-68.1105,47.6227
Bicknell's Thrush,222,2015-08-10,-68.1591,47.6096
Bicknell's Thrush,223,2015-08-11,-68.2071,47.593
Bicknell's Thrush,224,2015-08-12,-68.2545,47.5726
Bicknell's Thrush,225,2015-08-13,-68.3013,47.5478
Bicknell's Thrush,226,2015-08-14,-68.3476,47.5181
Bicknell's Thrush,228,2015-08-16,-68.439,47.4424
Bicknell's Thrush,229,2015-08-17,-68.4843,47.3955
Bicknell's Thrush,230,2015-08-18,-68.5293,47.3418
Bicknell's Thrush,233,2015-08-21,-68.6637,47.1358
Bicknell's Thrush,234,2015-08-22,-68.7084,47.0505
Bicknell's Thrush,235,2015-08-23,-68.7532,46.9561
Bicknell's Thrush,240,2015-08-28,-68.98,46.3305
Bicknell's Thrush,241,2015-08-29,-69.0264,46.1717
Bicknell's Thrush,245,2015-09-02,-69.217,45.4151
Bicknell's Thrush,246,2015-09-03,-69.2663,45.1941
Bicknell's Thrush,247,2015-09-04,-69.3164,44.9597
Bicknell's Thrush,248,2015-09-05,-69.3673,44.7118
Bicknell's Thrush,249,2015-09-06,-69.419,44.45
Bicknell's Thrush,251,2015-09-08,-69.5254,43.8834
Bicknell's Thrush,252,2015-09-09,-69.58,43.5781
Bicknell's Thrush,253,2015-09-10,-69.6357,43.2576
Bicknell's Thrush,254,2015-09-11,-69.6926,42.9217
Bicknell's Thrush,255,2015-09-12,-69.7505,42.57
Bicknell's Thrush,256,2015-09-13,-69.8096,42.2023
Bicknell's Thrush,257,2015-09-14,-69.8699,41.8183
Bicknell's Thrush,258,2015-09-15,-69.9313,41.418
Bicknell's Thrush,259,2015-09-16,-69.9937,41.0024
Bicknell's Thrush,260,2015-09-17,-70.0568,40.572
Bicknell's Thrush,261,2015-09-18,-70.1205,40.1279
Bicknell's Thrush,262,2015-09-19,-70.1847,39.6707
Bicknell's Thrush,263,2015-09-20,-70.249,39.2013
Bicknell's Thrush,264,2015-09-21,-70.3135,38.7206
Bicknell's Thrush,265,2015-09-22,-70.3779,38.2293
Bicknell's Thrush,266,2015-09-23,-70.4421,37.7283
Bicknell's Thrush,267,2015-09-24,-70.506,37.2186
Bicknell's Thrush,268,2015-09-25,-70.5695,36.701
Bicknell's Thrush,269,2015-09-26,-70.6323,36.1763
Bicknell's Thrush,270,2015-09-27,-70.6944,35.6456
Bicknell's Thrush,271,2015-09-28,-70.7557,35.1097
Bicknell's Thrush,272,2015-09-29,-70.8161,34.5695
Bicknell's Thrush,273,2015-09-30,-70.8754,34.026
Bicknell's Thrush,274,2015-10-01,-70.9336,33.48
Bicknell's Thrush,275,2015-10-02,-70.9905,32.9326
Bicknell's Thrush,276,2015-10-03,-71.0462,32.3847
Bicknell's Thrush,277,2015-10-04,-71.1006,31.8372
Bicknell's Thrush,278,2015-10-05,-71.1539,31.2908
Bicknell's Thrush,279,2015-10-06,-71.206,30.7467
Bicknell's Thrush,280,2015-10-07,-71.2571,30.2055
Bicknell's Thrush,281,2015-10-08,-71.3073,29.6683
Bicknell's Thrush,282,2015-10-09,-71.3566,29.1359
Bicknell's Thrush,283,2015-10-10,-71.4051,28.6091
Bicknell's Thrush,284,2015-10-11,-71.4529,28.0889
Bicknell's Thrush,285,2015-10-12,-71.5,27.5761
Bicknell's Thrush,286,2015-10-13,-71.5466,27.0716
Bicknell's Thrush,287,2015-10-14,-71.5926,26.5762
Bicknell's Thrush,288,2015-10-15,-71.6382,26.0907
Bicknell's Thrush,294,2015-10-21,-71.9067,23.4328
Bicknell's Thrush,296,2015-10-23,-71.9958,22.661
Bicknell's Thrush,300,2015-10-27,-72.1739,21.3
Bicknell's Thrush,301,2015-10-28,-72.2184,20.9978
Bicknell's Thrush,302,2015-10-29,-72.2629,20.7109
Bicknell's Thrush,303,2015-10-30,-72.3073,20.4391
Bicknell's Thrush,306,2015-11-02,-72.4403,19.715
Bicknell's Thrush,309,2015-11-05,-72.5726,19.1276
Bicknell's Thrush,310,2015-11-06,-72.6165,18.9622
Bicknell's Thrush,311,2015-11-07,-72.6603,18.812
Bicknell's Thrush,312,2015-11-08,-72.7039,18.677
Bicknell's Thrush,313,2015-11-09,-72.7475,18.5571
Bicknell's Thrush,314,2015-11-10,-72.7905,18.4517
Bicknell's Thrush,316,2015-11-12,-72.8738,18.2816
Bicknell's Thrush,317,2015-11-13,-72.9134,18.2154
Bicknell's Thrush,318,2015-11-14,-72.951,18.1608
Bicknell's Thrush,319,2015-11-15,-72.9864,18.117
Bicknell's Thrush,324,2015-11-20,-73.1166,18.0356
Bicknell's Thrush,327,2015-11-23,-73.1441,18.0711
Bicknell's Thrush,330,2015-11-26,-73.1212,18.1466
Bicknell's Thrush,331,2015-11-27,-73.1006,18.1773
Bicknell's Thrush,332,2015-11-28,-73.0732,18.2098
Bicknell's Thrush,333,2015-11-29,-73.0392,18.244
Bicknell's Thrush,334,2015-11-30,-72.9989,18.2796
Bicknell's Thrush,335,2015-12-01,-72.9527,18.3165
Bicknell's Thrush,336,2015-12-02,-72.9008,18.3543
Bicknell's Thrush,339,2015-12-05,-72.7142,18.4723
Bicknell's Thrush,341,2015-12-07,-72.567,18.5525
Bicknell's Thrush,342,2015-12-08,-72.4875,18.5925
Bicknell's Thrush,343,2015-12-09,-72.4045,18.6322
Bicknell's Thrush,344,2015-12-10,-72.3183,18.6714
Bicknell's Thrush,345,2015-12-11,-72.2291,18.7098
Bicknell's Thrush,346,2015-12-12,-72.1373,18.7474
Bicknell's Thrush,347,2015-12-13,-72.0432,18.7838
Bicknell's Thrush,348,2015-12-14,-71.9472,18.8188
Bicknell's Thrush,349,2015-12-15,-71.8495,18.8524
Bicknell's Thrush,350,2015-12-16,-71.7504,18.8843
Bicknell's Thrush,351,2015-12-17,-71.65,18.9146
Bicknell's Thrush,354,2015-12-20,-71.3423,18.9962
Bicknell's Thrush,355,2015-12-21,-71.2377,19.0206
Bicknell's Thrush,357,2015-12-23,-71.0258,19.0659
Bicknell's Thrush,364,2015-12-30,-70.2643,19.1953
Blackpoll Warbler,1,2015-01-01,-69.9487,4.401
Blackpoll Warbler,2,2015-01-02,-69.8942,4.3938
Blackpoll Warbler,3,2015-01-03,-69.838,4.3884
Blackpoll Warbler,4,2015-01-04,-69.78,4.3846
Blackpoll Warbler,5,2015-01-05,-69.7205,4.3823
Blackpoll Warbler,6,2015-01-06,-69.6595,4.3811
Blackpoll Warbler,7,2015-01-07,-69.5972,4.3811
Blackpoll Warbler,8,2015-01-08,-69.5336,4.3819
Blackpoll Warbler,9,2015-01-09,-69.4688,4.3835
Blackpoll Warbler,10,2015-01-10,-69.4029,4.3855
Blackpoll Warbler,11,2015-01-11,-69.3361,4.388
Blackpoll Warbler,12,2015-01-12,-69.2685,4.3906
Blackpoll Warbler,13,2015-01-13,-69.2001,4.3932
Blackpoll Warbler,14,2015-01-14,-69.131,4.3957
Blackpoll Warbler,15,2015-01-15,-69.0615,4.3978
Blackpoll Warbler,16,2015-01-16,-68.9914,4.3994
Blackpoll Warbler,17,2015-01-17,-68.9211,4.4003
Blackpoll Warbler,18,2015-01-18,-68.8505,4.4003
Blackpoll Warbler,19,2015-01-19,-68.7798,4.3993
Blackpoll Warbler,20,2015-01-20,-68.7091,4.397
Blackpoll Warbler,21,2015-01-21,-68.6386,4.3934
Blackpoll Warbler,22,2015-01-22,-68.5686,4.3884
Blackpoll Warbler,23,2015-01-23,-68.4991,4.3817
Blackpoll Warbler,24,2015-01-24,-68.4306,4.3734
Blackpoll Warbler,25,2015-01-25,-68.3631,4.3634
Blackpoll Warbler,26,2015-01-26,-68.2969,4.3514
Blackpoll Warbler,27,2015-01-27,-68.2323,4.3375
Blackpoll Warbler,28,2015-01-28,-68.1694,4.3214
Blackpoll Warbler,29,2015-01-29,-68.1085,4.3031
Blackpoll Warbler,30,2015-01-30,-68.0499,4.2825
Blackpoll Warbler,31,2015-01-31,-67.9936,4.2595
Blackpoll Warbler,32,2015-02-01,-67.94,4.234
Blackpoll Warbler,33,2015-02-02,-67.8893,4.2058
Blackpoll Warbler,34,2015-02-03,-67.8417,4.1749
Blackpoll Warbler,35,2015-02-04,-67.7974,4.1411
Blackpoll Warbler,36,2015-02-05,-67.7567,4.1044
Blackpoll Warbler,37,2015-02-06,-67.7197,4.0646
Blackpoll Warbler,38,2015-02-07,-67.6868,4.0217
Blackpoll Warbler,39,2015-02-08,-67.6579,3.9758
Blackpoll Warbler,40,2015-02-09,-67.6334,3.9272
Blackpoll Warbler,41,2015-02-10,-67.6133,3.8764
Blackpoll Warbler,42,2015-02-11,-67.5977,3.8237
Blackpoll Warbler,43,2015-02-12,-67.5867,3.7693
Blackpoll Warbler,44,2015-02-13,-67.5806,3.7138
Blackpoll Warbler,45,2015-02-14,-67.5795,3.6572
Blackpoll Warbler,46,2015-02-15,-67.5833,3.6002
Blackpoll Warbler,47,2015-02-16,-67.5924,3.5428
Blackpoll Warbler,48,2015-02-17,-67.6068,3.4856
Blackpoll Warbler,49,2015-02-18,-67.6267,3.4288
Blackpoll Warbler,50,2015-02-19,-67.6522,3.3728
Blackpoll Warbler,51,2015-02-20,-67.6833,3.318
Blackpoll Warbler,52,2015-02-21,-67.7204,3.2645
Blackpoll Warbler,53,2015-02-22,-67.7634,3.2129
Blackpoll Warbler,54,2015-02-23,-67.8126,3.1634
Blackpoll Warbler,55,2015-02-24,-67.868,3.1164
Blackpoll Warbler,56,2015-02-25,-67.9298,3.0722
Blackpoll Warbler,57,2015-02-26,-67.9982,3.0313
Blackpoll Warbler,58,2015-02-27,-68.0731,2.9947
Blackpoll Warbler,59,2015-02-28,-68.1548,2.9629
Blackpoll Warbler,60,2015-03-01,-68.2433,2.9369
Blackpoll Warbler,61,2015-03-02,-68.3387,2.9174
Blackpoll Warbler,62,2015-03-03,-68.4411,2.9051
Blackpoll Warbler,63,2015-03-04,-68.5507,2.9009
Blackpoll Warbler,64,2015-03-05,-68.6675,2.9056
Blackpoll Warbler,65,2015-03-06,-68.7916,2.9198
Blackpoll Warbler,66,2015-03-07,-68.9232,2.9445
Blackpoll Warbler,67,2015-03-08,-69.0624,2.9804
Blackpoll Warbler,68,2015-03-09,-69.2092,3.0283
Blackpoll Warbler,69,2015-03-10,-69.3639,3.089
Blackpoll Warbler,70,2015-03-11,-69.5265,3.1633
Blackpoll Warbler,71,2015-03-12,-69.6972,3.252
Blackpoll Warbler,72,2015-03-13,-69.8761,3.356
Blackpoll Warbler,73,2015-03-14,-70.0634,3.476
Blackpoll Warbler,74,2015-03-15,-70.2591,3.6129
Blackpoll Warbler,75,2015-03-16,-70.4633,3.7673
Blackpoll Warbler,76,2015-03-17,-70.6757,3.9396
Blackpoll Warbler,77,2015-03-18,-70.8961,4.1303
Blackpoll Warbler,78,2015-03-19,-71.1242,4.3396
Blackpoll Warbler,79,2015-03-20,-71.3598,4.5681
Blackpoll Warbler,80,2015-03-21,-71.6027,4.8161
Blackpoll Warbler,81,2015-03-22,-71.8525,5.084
Blackpoll Warbler,82,2015-03-23,-72.1092,5.3723
Blackpoll Warbler,83,2015-03-24,-72.3723,5.6813
Blackpoll Warbler,84,2015-03-25,-72.6419,6.0115
Blackpoll Warbler,85,2015-03-26,-72.9175,6.3632
Blackpoll Warbler,86,2015-03-27,-73.199,6.7369
Blackpoll Warbler,87,2015-03-28,-73.4862,7.1329
Blackpoll Warbler,88,2015-03-29,-73.7789,7.5517
Blackpoll Warbler,89,2015-03-30,-74.0768,7.9936
Blackpoll Warbler,90,2015-03-31,-74.3799,8.4591
Blackpoll Warbler,91,2015-04-01,-74.6877,8.9484
Blackpoll Warbler,92,2015-04-02,-75.0003,9.4619
Blackpoll Warbler,93,2015-04-03,-75.3172,9.9995
Blackpoll Warbler,94,2015-04-04,-75.6378,10.56
Blackpoll Warbler,95,2015-04-05,-75.9617,11.142
Blackpoll Warbler,96,2015-04-06,-76.2881,11.7443
Blackpoll Warbler,97,2015-04-07,-76.6165,12.3656
Blackpoll Warbler,98,2015-04-08,-76.9462,13.0045
Blackpoll Warbler,99,2015-04-09,-77.2767,13.6599
Blackpoll Warbler,100,2015-04-10,-77.6074,14.3302
Blackpoll Warbler,101,2015-04-11,-77.9377,15.0144
Blackpoll Warbler,102,2015-04-12,-78.267,15.7111
Blackpoll Warbler,103,2015-04-13,-78.5946,16.4191
Blackpoll Warbler,104,2015-04-14,-78.9201,17.1372
Blackpoll Warbler,105,2015-04-15,-79.2427,17.8641
Blackpoll Warbler,106,2015-04-16,-79.5619,18.5988
Blackpoll Warbler,107,2015-04-17,-79.8771,19.34
Blackpoll Warbler,108,2015-04-18,-80.1876,20.0867
Blackpoll Warbler,109,2015-04-19,-80.4929,20.8378
Blackpoll Warbler,110,2015-04-20,-80.7923,21.5924
Blackpoll Warbler,111,2015-04-21,-81.0854,22.3496
Blackpoll Warbler,112,2015-04-22,-81.3721,23.1095
Blackpoll Warbler,113,2015-04-23,-81.6525,23.8721
Blackpoll Warbler,114,2015-04-24,-81.9266,24.6377
Blackpoll Warbler,115,2015-04-25,-82.1946,25.4063
Blackpoll Warbler,116,2015-04-26,-82.4566,26.1783
Blackpoll Warbler,117,2015-04-27,-82.7126,26.9538
Blackpoll Warbler,118,2015-04-28,-82.9627,27.7333
Blackpoll Warbler,119,2015-04-29,-83.2071,28.5169
Blackpoll Warbler,120,2015-04-30,-83.4459,29.3052
Blackpoll Warbler,121,2015-05-01,-83.6791,30.0985
Blackpoll Warbler,122,2015-05-02,-83.907,30.8972
Blackpoll Warbler,123,2015-05-03,-84.1296,31.7019
Blackpoll Warbler,124,2015-05-04,-84.3471,32.513
Blackpoll Warbler,125,2015-05-05,-84.5595,33.3312
Blackpoll Warbler,126,2015-05-06,-84.7671,34.1571
Blackpoll Warbler,127,2015-05-07,-84.97,34.9912
Blackpoll Warbler,128,2015-05-08,-85.1683,35.8343
Blackpoll Warbler,129,2015-05-09,-85.3623,36.6868
Blackpoll Warbler,130,2015-05-10,-85.5523,37.5479
Blackpoll Warbler,131,2015-05-11,-85.7387,38.4162
Blackpoll Warbler,132,2015-05-12,-85.9221,39.2904
Blackpoll Warbler,133,2015-05-13,-86.1027,40.1691
Blackpoll Warbler,134,2015-05-14,-86.281,41.0506
Blackpoll Warbler,135,2015-05-15,-86.4573,41.9335
Blackpoll Warbler,136,2015-05-16,-86.632,42.8159
Blackpoll Warbler,137,2015-05-17,-86.8054,43.6963
Blackpoll Warbler,138,2015-05-18,-86.9779,44.5726
Blackpoll Warbler,139,2015-05-19,-87.1497,45.4431
Blackpoll Warbler,140,2015-05-20,-87.3211,46.3059
Blackpoll Warbler,141,2015-05-21,-87.4925,47.1589
Blackpoll Warbler,142,2015-05-22,-87.664,48.0001
Blackpoll Warbler,143,2015-05-23,-87.8359,48.8274
Blackpoll Warbler,144,2015-05-24,-88.0084,49.6387
Blackpoll Warbler,145,2015-05-25,-88.1817,50.4319
Blackpoll Warbler,146,2015-05-26,-88.356,51.2049
Blackpoll Warbler,147,2015-05-27,-88.5314,51.9555
Blackpoll Warbler,148,2015-05-28,-88.7076,52.6827
Blackpoll Warbler,149,2015-05-29,-88.8844,53.3859
Blackpoll Warbler,150,2015-05-30,-89.0613,54.0643
Blackpoll Warbler,151,2015-05-31,-89.238,54.7175
Blackpoll Warbler,152,2015-06-01,-89.4139,55.3446
Blackpoll Warbler,153,2015-06-02,-89.5885,55.9449
Blackpoll Warbler,154,2015-06-03,-89.7612,56.5178
Blackpoll Warbler,155,2015-06-04,-89.9315,57.0624
Blackpoll Warbler,156,2015-06-05,-90.0984,57.5782
Blackpoll Warbler,157,2015-06-06,-90.2614,58.0642
Blackpoll Warbler,158,2015-06-07,-90.4197,58.5198
Blackpoll Warbler,159,2015-06-08,-90.5723,58.9442
Blackpoll Warbler,160,2015-06-09,-90.7184,59.3365
Blackpoll Warbler,161,2015-06-10,-90.857,59.6961
Blackpoll Warbler,162,2015-06-11,-90.9874,60.0221
Blackpoll Warbler,163,2015-06-12,-91.1084,60.3138
Blackpoll Warbler,164,2015-06-13,-91.2193,60.5703
Blackpoll Warbler,165,2015-06-14,-91.3191,60.791
Blackpoll Warbler,166,2015-06-15,-91.4076,60.9769
Blackpoll Warbler,167,2015-06-16,-91.4852,61.1301
Blackpoll Warbler,168,2015-06-17,-91.5523,61.2529
Blackpoll Warbler,169,2015-06-18,-91.6094,61.3474
Blackpoll Warbler,170,2015-06-19,-91.6572,61.4158
Blackpoll Warbler,171,2015-06-20,-91.6962,61.4602
Blackpoll Warbler,172,2015-06-21,-91.7272,61.4829
Blackpoll Warbler,173,2015-06-22,-91.7511,61.4861
Blackpoll Warbler,174,2015-06-23,-91.7686,61.472
Blackpoll Warbler,175,2015-06-24,-91.7806,61.4427
Blackpoll Warbler,176,2015-06-25,-91.788,61.4005
Blackpoll Warbler,177,2015-06-26,-91.7915,61.3475
Blackpoll Warbler,178,2015-06-27,-91.7922,61.286
Blackpoll Warbler,179,2015-06-28,-91.7909,61.2181
Blackpoll Warbler,180,2015-06-29,-91.7885,61.1459
Blackpoll Warbler,181,2015-06-30,-91.7858,61.0718
Blackpoll Warbler,182,2015-07-01,-91.7836,60.9978
Blackpoll Warbler,183,2015-07-02,-91.7829,60.926
Blackpoll Warbler,184,2015-07-03,-91.784,60.8576
Blackpoll Warbler,185,2015-07-04,-91.787,60.7926
Blackpoll Warbler,186,2015-07-05,-91.7917,60.7309
Blackpoll Warbler,187,2015-07-06,-91.7982,60.6726
Blackpoll Warbler,188,2015-07-07,-91.8065,60.6176
Blackpoll Warbler,189,2015-07-08,-91.8166,60.5659
Blackpoll Warbler,190,2015-07-09,-91.8284,60.5174
Blackpoll Warbler,191,2015-07-10,-91.8419,60.4723
Blackpoll Warbler,192,2015-07-11,-91.8572,60.4305
Blackpoll Warbler,193,2015-07-12,-91.8741,60.3919
Blackpoll Warbler,194,2015-07-13,-91.8928,60.3565
Blackpoll Warbler,195,2015-07-14,-91.9132,60.3244
Blackpoll Warbler,196,2015-07-15,-91.9353,60.2955
Blackpoll Warbler,197,2015-07-16,-91.959,60.2698
Blackpoll Warbler,198,2015-07-17,-91.9845,60.2473
Blackpoll Warbler,199,2015-07-18,-92.0116,60.228
Blackpoll Warbler,200,2015-07-19,-92.0404,60.2119
Blackpoll Warbler,201,2015-07-20,-92.0709,60.199
Blackpoll Warbler,202,2015-07-21,-92.1027,60.1888
Blackpoll Warbler,203,2015-07-22,-92.1351,60.1802
Blackpoll Warbler,204,2015-07-23,-92.167,60.1723
Blackpoll Warbler,205,2015-07-24,-92.1976,60.1639
Blackpoll Warbler,206,2015-07-25,-92.2261,60.1539
Blackpoll Warbler,207,2015-07-26,-92.2515,60.1412
Blackpoll Warbler,208,2015-07-27,-92.273,60.1247
Blackpoll Warbler,209,2015-07-28,-92.2897,60.1034
Blackpoll Warbler,210,2015-07-29,-92.3006,60.0762
Blackpoll Warbler,211,2015-07-30,-92.3048,60.0419
Blackpoll Warbler,212,2015-07-31,-92.3017,59.9994
Blackpoll Warbler,213,2015-08-01,-92.2901,59.9478
Blackpoll Warbler,214,2015-08-02,-92.2694,59.8858
Blackpoll Warbler,215,2015-08-03,-92.2388,59.8125
Blackpoll Warbler,216,2015-08-04,-92.1973,59.7267
Blackpoll Warbler,217,2015-08-05,-92.1444,59.6273
Blackpoll Warbler,218,2015-08-06,-92.0794,59.5132
Blackpoll Warbler,219,2015-08-07,-92.0015,59.3835
Blackpoll Warbler,220,2015-08-08,-91.9105,59.2373
Blackpoll Warbler,221,2015-08-09,-91.8064,59.075
Blackpoll Warbler,222,2015-08-10,-91.6894,58.8971
Blackpoll Warbler,223,2015-08-11,-91.5599,58.7039
Blackpoll Warbler,224,2015-08-12,-91.4181,58.4958
Blackpoll Warbler,225,2015-08-13,-91.2642,58.2733
Blackpoll Warbler,226,2015-08-14,-91.0985,58.0367
Blackpoll Warbler,227,2015-08-15,-90.9215,57.7865
Blackpoll Warbler,228,2015-08-16,-90.7333,57.523
Blackpoll Warbler,229,2015-08-17,-90.5343,57.2467
Blackpoll Warbler,230,2015-08-18,-90.3249,56.958
Blackpoll Warbler,231,2015-08-19,-90.1054,56.6572
Blackpoll Warbler,232,2015-08-20,-89.8761,56.3448
Blackpoll Warbler,233,2015-08-21,-89.6374,56.021
Blackpoll Warbler,234,2015-08-22,-89.3895,55.6864
Blackpoll Warbler,235,2015-08-23,-89.1327,55.3412
Blackpoll Warbler,236,2015-08-24,-88.8674,54.9858
Blackpoll Warbler,237,2015-08-25,-88.5939,54.6207
Blackpoll Warbler,238,2015-08-26,-88.3126,54.2462
Blackpoll Warbler,239,2015-08-27,-88.0241,53.8628
Blackpoll Warbler,240,2015-08-28,-87.7293,53.4711
Blackpoll Warbler,241,2015-08-29,-87.429,53.0718
Blackpoll Warbler,242,2015-08-30,-87.1238,52.6652
Blackpoll Warbler,243,2015-08-31,-86.8143,52.252
Blackpoll Warbler,244,2015-09-01,-86.5012,51.8326
Blackpoll Warbler,245,2015-09-02,-86.185,51.4076
Blackpoll Warbler,246,2015-09-03,-85.8661,50.9774
Blackpoll Warbler,247,2015-09-04,-85.5451,50.5426
Blackpoll Warbler,248,2015-09-05,-85.2222,50.1035
Blackpoll Warbler,249,2015-09-06,-84.8979,49.6606
Blackpoll Warbler,250,2015-09-07,-84.5724,49.2144
Blackpoll Warbler,251,2015-09-08,-84.2461,48.7652
Blackpoll Warbler,252,2015-09-09,-83.9191,48.3134
Blackpoll Warbler,253,2015-09-10,-83.5916,47.8594
Blackpoll Warbler,254,2015-09-11,-83.2638,47.4035
Blackpoll Warbler,255,2015-09-12,-82.9358,46.946
Blackpoll Warbler,256,2015-09-13,-82.6077,46.4872
Blackpoll Warbler,257,2015-09-14,-82.2796,46.0266
Blackpoll Warbler,258,2015-09-15,-81.9518,45.5636
Blackpoll Warbler,259,2015-09-16,-81.6245,45.0977
Blackpoll Warbler,260,2015-09-17,-81.2977,44.6282
Blackpoll Warbler,261,2015-09-18,-80.9717,44.1545
Blackpoll Warbler,262,2015-09-19,-80.6468,43.6762
Blackpoll Warbler,263,2015-09-20,-80.323,43.1925
Blackpoll Warbler,264,2015-09-21,-80.0007,42.703
Blackpoll Warbler,265,2015-09-22,-79.6801,42.2071
Blackpoll Warbler,266,2015-09-23,-79.3613,41.7042
Blackpoll Warbler,267,2015-09-24,-79.0447,41.1938
Blackpoll Warbler,268,2015-09-25,-78.7304,40.6754
Blackpoll Warbler,269,2015-09-26,-78.4187,40.1484
Blackpoll Warbler,270,2015-09-27,-78.1098,39.6122
Blackpoll Warbler,271,2015-09-28,-77.804,39.0665
Blackpoll Warbler,272,2015-09-29,-77.5015,38.5106
Blackpoll Warbler,273,2015-09-30,-77.2025,37.944
Blackpoll Warbler,274,2015-10-01,-76.9074,37.3664
Blackpoll Warbler,275,2015-10-02,-76.6165,36.778
Blackpoll Warbler,276,2015-10-03,-76.33,36.1794
Blackpoll Warbler,277,2015-10-04,-76.0483,35.5713
Blackpoll Warbler,278,2015-10-05,-75.7716,34.9544
Blackpoll Warbler,279,2015-10-06,-75.5004,34.3293
Blackpoll Warbler,280,2015-10-07,-75.2348,33.6968
Blackpoll Warbler,281,2015-10-08,-74.9752,33.0577
Blackpoll Warbler,282,2015-10-09,-74.7218,32.4128
Blackpoll Warbler,283,2015-10-10,-74.4748,31.7629
Blackpoll Warbler,284,2015-10-11,-74.2345,31.1089
Blackpoll Warbler,285,2015-10-12,-74.0013,30.4516
Blackpoll Warbler,286,2015-10-13,-73.7752,29.7919
Blackpoll Warbler,287,2015-10-14,-73.5565,29.1307
Blackpoll Warbler,288,2015-10-15,-73.3454,28.4691
Blackpoll Warbler,289,2015-10-16,-73.1422,27.8078
Blackpoll Warbler,290,2015-10-17,-72.9471,27.1479
Blackpoll Warbler,291,2015-10-18,-72.7603,26.4904
Blackpoll Warbler,292,2015-10-19,-72.5819,25.8361
Blackpoll Warbler,293,2015-10-20,-72.412,25.186
Blackpoll Warbler,294,2015-10-21,-72.2503,24.5405
Blackpoll Warbler,295,2015-10-22,-72.0968,23.9003
Blackpoll Warbler,296,2015-10-23,-71.9513,23.2658
Blackpoll Warbler,297,2015-10-24,-71.8136,22.6378
Blackpoll Warbler,298,2015-10-25,-71.6836,22.0166
Blackpoll Warbler,299,2015-10-26,-71.5611,21.4029
Blackpoll Warbler,300,2015-10-27,-71.4461,20.7972
Blackpoll Warbler,301,2015-10-28,-71.3383,20.1999
Blackpoll Warbler,302,2015-10-29,-71.2377,19.6116
Blackpoll Warbler,303,2015-10-30,-71.1442,19.0328
Blackpoll Warbler,304,2015-10-31,-71.0575,18.464
Blackpoll Warbler,305,2015-11-01,-70.9777,17.9055
Blackpoll Warbler,306,2015-11-02,-70.9045,17.3579
Blackpoll Warbler,307,2015-11-03,-70.838,16.8216
Blackpoll Warbler,308,2015-11-04,-70.778,16.2969
Blackpoll Warbler,309,2015-11-05,-70.7243,15.7845
Blackpoll Warbler,310,2015-11-06,-70.677,15.2845
Blackpoll Warbler,311,2015-11-07,-70.6358,14.7972
Blackpoll Warbler,312,2015-11-08,-70.6003,14.3226
Blackpoll Warbler,313,2015-11-09,-70.5701,13.8607
Blackpoll Warbler,314,2015-11-10,-70.5449,13.4114
Blackpoll Warbler,315,2015-11-11,-70.5243,12.9746
Blackpoll Warbler,316,2015-11-12,-70.508,12.5504
Blackpoll Warbler,317,2015-11-13,-70.4955,12.1386
Blackpoll Warbler,318,2015-11-14,-70.4867,11.7392
Blackpoll Warbler,319,2015-11-15,-70.481,11.3521
Blackpoll Warbler,320,2015-11-16,-70.4783,10.9773
Blackpoll Warbler,321,2015-11-17,-70.4782,10.6148
Blackpoll Warbler,322,2015-11-18,-70.4803,10.2644
Blackpoll Warbler,323,2015-11-19,-70.4844,9.9261
Blackpoll Warbler,324,2015-11-20,-70.4901,9.5998
Blackpoll Warbler,325,2015-11-21,-70.4972,9.2855
Blackpoll Warbler,326,2015-11-22,-70.5052,8.9832
Blackpoll Warbler,327,2015-11-23,-70.5141,8.6927
Blackpoll Warbler,328,2015-11-24,-70.5233,8.414
Blackpoll Warbler,329,2015-11-25,-70.5328,8.147
Blackpoll Warbler,330,2015-11-26,-70.5423,7.8914
Blackpoll Warbler,331,2015-11-27,-70.5516,7.6471
Blackpoll Warbler,333,2015-11-29,-70.5692,7.1913
Blackpoll Warbler,334,2015-11-30,-70.5771,6.9794
Blackpoll Warbler,335,2015-12-01,-70.5843,6.7778
Blackpoll Warbler,336,2015-12-02,-70.5906,6.5863
Blackpoll Warbler,337,2015-12-03,-70.5957,6.4048
Blackpoll Warbler,338,2015-12-04,-70.5996,6.2329
Blackpoll Warbler,339,2015-12-05,-70.6021,6.0706
Blackpoll Warbler,340,2015-12-06,-70.6031,5.9176
Blackpoll Warbler,341,2015-12-07,-70.6024,5.7737
Blackpoll Warbler,342,2015-12-08,-70.5997,5.6388
Blackpoll Warbler,343,2015-12-09,-70.5951,5.5126
Blackpoll Warbler,344,2015-12-10,-70.5882,5.395
Blackpoll Warbler,345,2015-12-11,-70.579,5.2857
Blackpoll Warbler,346,2015-12-12,-70.5674,5.1846
Blackpoll Warbler,347,2015-12-13,-70.5531,5.0915
Blackpoll Warbler,348,2015-12-14,-70.5362,5.0061
Blackpoll Warbler,349,2015-12-15,-70.5168,4.9279
Blackpoll Warbler,350,2015-12-16,-70.4949,4.8567
Blackpoll Warbler,351,2015-12-17,-70.4705,4.7921
Blackpoll Warbler,352,2015-12-18,-70.4437,4.7337
Blackpoll Warbler,353,2015-12-19,-70.4146,4.6813
Blackpoll Warbler,354,2015-12-20,-70.3831,4.6345
Blackpoll Warbler,355,2015-12-21,-70.3493,4.593
Blackpoll Warbler,356,2015-12-22,-70.3133,4.5564
Blackpoll Warbler,357,2015-12-23,-70.275,4.5244
Blackpoll Warbler,358,2015-12-24,-70.2346,4.4966
Blackpoll Warbler,359,2015-12-25,-70.192,4.4728
Blackpoll Warbler,360,2015-12-26,-70.1474,4.4525
Blackpoll Warbler,361,2015-12-27,-70.1007,4.4356
Blackpoll Warbler,362,2015-12-28,-70.052,4.4215
Blackpoll Warbler,363,2015-12-29,-70.0013,4.4101
Blackpoll Warbler,364,2015-12-30,-69.9487,4.401
Bobolink,1,2015-01-01,-61.2182,-17.7687
Bobolink,3,2015-01-03,-60.9746,-18.5345
Bobolink,4,2015-01-04,-60.8538,-18.8946
Bobolink,5,2015-01-05,-60.7338,-19.2395
Bobolink,7,2015-01-07,-60.4975,-19.8831
Bobolink,8,2015-01-08,-60.3815,-20.1817
Bobolink,9,2015-01-09,-60.2673,-20.4648
Bobolink,11,2015-01-11,-60.045,-20.9839
Bobolink,12,2015-01-12,-59.9374,-21.2199
Bobolink,13,2015-01-13,-59.8324,-21.4401
Bobolink,17,2015-01-17,-59.443,-22.1611
Bobolink,20,2015-01-20,-59.189,-22.5322
Bobolink,34,2015-02-03,-58.54,-22.3191
Bobolink,35,2015-02-04,-58.5309,-22.1801
Bobolink,39,2015-02-08,-58.5486,-21.4539
Bobolink,48,2015-02-17,-58.937,-18.8107
Bobolink,49,2015-02-18,-59.0131,-18.4296
Bobolink,52,2015-02-21,-59.2842,-17.18
Bobolink,55,2015-02-24,-59.6224,-15.7691
Bobolink,56,2015-02-25,-59.7506,-15.2627
Bobolink,60,2015-03-01,-60.3434,-13.0598
Bobolink,62,2015-03-03,-60.6885,-11.8553
Bobolink,64,2015-03-05,-61.0668,-10.5851
Bobolink,65,2015-03-06,-61.2685,-9.9261
Bobolink,66,2015-03-07,-61.4787,-9.2516
Bobolink,67,2015-03-08,-61.6975,-8.5621
Bobolink,69,2015-03-10,-62.1611,-7.1393
Bobolink,70,2015-03-11,-62.406,-6.4068
Bobolink,71,2015-03-12,-62.6598,-5.661
Bobolink,73,2015-03-14,-63.1943,-4.1311
Bobolink,75,2015-03-16,-63.765,-2.5539
Bobolink,78,2015-03-19,-64.6839,-0.1146
Bobolink,80,2015-03-21,-65.3341,1.5495
Bobolink,81,2015-03-22,-65.6694,2.3901
Bobolink,86,2015-03-27,-67.4353,6.6404
Bobolink,90,2015-03-31,-68.9381,10.0459
Bobolink,92,2015-04-02,-69.7143,11.7333
Bobolink,93,2015-04-03,-70.1076,12.5709
Bobolink,94,2015-04-04,-70.5038,13.4041
Bobolink,95,2015-04-05,-70.9023,14.2324
Bobolink,96,2015-04-06,-71.3026,15.0558
Bobolink,98,2015-04-08,-72.1068,16.6866
Bobolink,99,2015-04-09,-72.5098,17.494
Bobolink,100,2015-04-10,-72.9126,18.2958
Bobolink,101,2015-04-11,-73.315,19.0922
Bobolink,102,2015-04-12,-73.7164,19.8832
Bobolink,103,2015-04-13,-74.1165,20.669
Bobolink,104,2015-04-14,-74.5149,21.4496
Bobolink,105,2015-04-15,-74.9112,22.2253
Bobolink,106,2015-04-16,-75.3051,22.9963
Bobolink,107,2015-04-17,-75.6961,23.763
Bobolink,108,2015-04-18,-76.0839,24.5256
Bobolink,109,2015-04-19,-76.4682,25.2846
Bobolink,110,2015-04-20,-76.8487,26.0404
Bobolink,111,2015-04-21,-77.2253,26.793
Bobolink,112,2015-04-22,-77.5983,27.5421
Bobolink,113,2015-04-23,-77.968,28.2869
Bobolink,114,2015-04-24,-78.3347,29.0269
Bobolink,115,2015-04-25,-78.6986,29.7615
Bobolink,116,2015-04-26,-79.0599,30.4898
Bobolink,117,2015-04-27,-79.4188,31.2112
Bobolink,118,2015-04-28,-79.7752,31.9249
Bobolink,119,2015-04-29,-80.1294,32.63
Bobolink,120,2015-04-30,-80.4813,33.3256
Bobolink,121,2015-05-01,-80.8309,34.0109
Bobolink,122,2015-05-02,-81.1782,34.6849
Bobolink,123,2015-05-03,-81.5231,35.3466
Bobolink,124,2015-05-04,-81.8653,35.995
Bobolink,125,2015-05-05,-82.2048,36.6291
Bobolink,126,2015-05-06,-82.5412,37.2477
Bobolink,127,2015-05-07,-82.8743,37.8499
Bobolink,128,2015-05-08,-83.2038,38.4345
Bobolink,129,2015-05-09,-83.5293,39.0006
Bobolink,130,2015-05-10,-83.8507,39.5479
Bobolink,131,2015-05-11,-84.1677,40.076
Bobolink,132,2015-05-12,-84.4801,40.5845
Bobolink,133,2015-05-13,-84.7876,41.073
Bobolink,134,2015-05-14,-85.0898,41.541
Bobolink,135,2015-05-15,-85.3864,41.9882
Bobolink,136,2015-05-16,-85.6771,42.414
Bobolink,137,2015-05-17,-85.9615,42.818
Bobolink,138,2015-05-18,-86.2391,43.1997
Bobolink,139,2015-05-19,-86.5094,43.5585
Bobolink,140,2015-05-20,-86.7721,43.8939
Bobolink,141,2015-05-21,-87.0266,44.2054
Bobolink,142,2015-05-22,-87.2724,44.4924
Bobolink,143,2015-05-23,-87.509,44.7543
Bobolink,144,2015-05-24,-87.7359,44.9907
Bobolink,145,2015-05-25,-87.9526,45.2009
Bobolink,146,2015-05-26,-88.1584,45.3844
Bobolink,147,2015-05-27,-88.3531,45.5412
Bobolink,148,2015-05-28,-88.5367,45.673
Bobolink,149,2015-05-29,-88.709,45.7815
Bobolink,150,2015-05-30,-88.8704,45.8686
Bobolink,151,2015-05-31,-89.0209,45.9359
Bobolink,152,2015-06-01,-89.1607,45.9854
Bobolink,153,2015-06-02,-89.2901,46.0188
Bobolink,154,2015-06-03,-89.4095,46.0379
Bobolink,155,2015-06-04,-89.5191,46.0446
Bobolink,156,2015-06-05,-89.6193,46.0405
Bobolink,157,2015-06-06,-89.7105,46.0275
Bobolink,158,2015-06-07,-89.7931,46.0075
Bobolink,159,2015-06-08,-89.8676,45.982
Bobolink,160,2015-06-09,-89.9343,45.953
Bobolink,161,2015-06-10,-89.9939,45.9223
Bobolink,162,2015-06-11,-90.0467,45.8915
Bobolink,163,2015-06-12,-90.0932,45.8624
Bobolink,164,2015-06-13,-90.1339,45.8368
Bobolink,165,2015-06-14,-90.1692,45.8161
Bobolink,166,2015-06-15,-90.1993,45.8
Bobolink,167,2015-06-16,-90.2242,45.7882
Bobolink,168,2015-06-17,-90.2442,45.7803
Bobolink,169,2015-06-18,-90.2592,45.776
Bobolink,170,2015-06-19,-90.2694,45.7749
Bobolink,171,2015-06-20,-90.2749,45.7765
Bobolink,172,2015-06-21,-90.2758,45.7806
Bobolink,173,2015-06-22,-90.2722,45.7867
Bobolink,174,2015-06-23,-90.2641,45.7945
Bobolink,175,2015-06-24,-90.2517,45.8035
Bobolink,176,2015-06-25,-90.2351,45.8135
Bobolink,177,2015-06-26,-90.2143,45.824
Bobolink,178,2015-06-27,-90.1895,45.8347
Bobolink,179,2015-06-28,-90.1608,45.8451
Bobolink,180,2015-06-29,-90.1281,45.8549
Bobolink,181,2015-06-30,-90.0917,45.8638
Bobolink,182,2015-07-01,-90.0517,45.8712
Bobolink,183,2015-07-02,-90.008,45.877
Bobolink,184,2015-07-03,-89.9606,45.881
Bobolink,185,2015-07-04,-89.9094,45.8831
Bobolink,186,2015-07-05,-89.8543,45.8834
Bobolink,187,2015-07-06,-89.7951,45.8818
Bobolink,188,2015-07-07,-89.7317,45.8782
Bobolink,189,2015-07-08,-89.664,45.8726
Bobolink,190,2015-07-09,-89.5918,45.865
Bobolink,191,2015-07-10,-89.5151,45.8554
Bobolink,192,2015-07-11,-89.4337,45.8436
Bobolink,193,2015-07-12,-89.3475,45.8297
Bobolink,194,2015-07-13,-89.2564,45.8135
Bobolink,195,2015-07-14,-89.1603,45.7951
Bobolink,196,2015-07-15,-89.059,45.7744
Bobolink,197,2015-07-16,-88.9526,45.7514
Bobolink,198,2015-07-17,-88.8408,45.726
Bobolink,199,2015-07-18,-88.7235,45.6981
Bobolink,200,2015-07-19,-88.6007,45.6678
Bobolink,201,2015-07-20,-88.4724,45.6349
Bobolink,202,2015-07-21,-88.3386,45.5994
Bobolink,203,2015-07-22,-88.1996,45.5612
Bobolink,204,2015-07-23,-88.0557,45.5204
Bobolink,205,2015-07-24,-87.9072,45.4769
Bobolink,206,2015-07-25,-87.7542,45.4306
Bobolink,207,2015-07-26,-87.597,45.3814
Bobolink,208,2015-07-27,-87.436,45.3294
Bobolink,209,2015-07-28,-87.2713,45.2745
Bobolink,210,2015-07-29,-87.1032,45.2166
Bobolink,211,2015-07-30,-86.9319,45.1557
Bobolink,212,2015-07-31,-86.7578,45.0917
Bobolink,213,2015-08-01,-86.581,45.0247
Bobolink,214,2015-08-02,-86.4018,44.9546
Bobolink,215,2015-08-03,-86.2204,44.8813
Bobolink,216,2015-08-04,-86.0372,44.8048
Bobolink,217,2015-08-05,-85.8523,44.725
Bobolink,218,2015-08-06,-85.666,44.6421
Bobolink,219,2015-08-07,-85.4786,44.5557
Bobolink,220,2015-08-08,-85.2902,44.4659
Bobolink,221,2015-08-09,-85.1012,44.3723
Bobolink,222,2015-08-10,-84.9117,44.2747
Bobolink,223,2015-08-11,-84.722,44.1728
Bobolink,224,2015-08-12,-84.5323,44.0664
Bobolink,225,2015-08-13,-84.343,43.9552
Bobolink,226,2015-08-14,-84.1541,43.839
Bobolink,227,2015-08-15,-83.966,43.7176
Bobolink,228,2015-08-16,-83.779,43.5906
Bobolink,229,2015-08-17,-83.5931,43.4579
Bobolink,230,2015-08-18,-83.4089,43.3192
Bobolink,231,2015-08-19,-83.2263,43.1743
Bobolink,232,2015-08-20,-83.0458,43.023
Bobolink,233,2015-08-21,-82.8675,42.8649
Bobolink,234,2015-08-22,-82.6917,42.7
Bobolink,235,2015-08-23,-82.5187,42.528
Bobolink,236,2015-08-24,-82.3487,42.3486
Bobolink,237,2015-08-25,-82.1818,42.1617
Bobolink,238,2015-08-26,-82.018,41.9675
Bobolink,239,2015-08-27,-81.8569,41.7668
Bobolink,240,2015-08-28,-81.6983,41.5601
Bobolink,241,2015-08-29,-81.5418,41.3479
Bobolink,242,2015-08-30,-81.387,41.131
Bobolink,243,2015-08-31,-81.2336,40.9098
Bobolink,244,2015-09-01,-81.0812,40.6849
Bobolink,245,2015-09-02,-80.9297,40.4571
Bobolink,246,2015-09-03,-80.7785,40.2268
Bobolink,247,2015-09-04,-80.6273,39.9946
Bobolink,248,2015-09-05,-80.4759,39.7611
Bobolink,249,2015-09-06,-80.3239,39.5269
Bobolink,250,2015-09-07,-80.1709,39.2925
Bobolink,251,2015-09-08,-80.0166,39.0586
Bobolink,252,2015-09-09,-79.8607,38.8256
Bobolink,253,2015-09-10,-79.7028,38.5942
Bobolink,254,2015-09-11,-79.5425,38.3649
Bobolink,255,2015-09-12,-79.3796,38.1382
Bobolink,256,2015-09-13,-79.2139,37.9142
Bobolink,257,2015-09-14,-79.0451,37.6924
Bobolink,258,2015-09-15,-78.8732,37.4724
Bobolink,259,2015-09-16,-78.698,37.2539
Bobolink,260,2015-09-17,-78.5194,37.0363
Bobolink,261,2015-09-18,-78.3372,36.8193
Bobolink,262,2015-09-19,-78.1514,36.6025
Bobolink,263,2015-09-20,-77.9618,36.3854
Bobolink,264,2015-09-21,-77.7682,36.1676
Bobolink,265,2015-09-22,-77.5706,35.9487
Bobolink,266,2015-09-23,-77.3688,35.7282
Bobolink,267,2015-09-24,-77.1627,35.5056
Bobolink,268,2015-09-25,-76.9523,35.2806
Bobolink,269,2015-09-26,-76.7372,35.0527
Bobolink,270,2015-09-27,-76.5176,34.8213
Bobolink,271,2015-09-28,-76.2931,34.5861
Bobolink,272,2015-09-29,-76.0638,34.3466
Bobolink,273,2015-09-30,-75.8296,34.1023
Bobolink,274,2015-10-01,-75.5905,33.8527
Bobolink,275,2015-10-02,-75.3471,33.597
Bobolink,276,2015-10-03,-75.0997,33.3348
Bobolink,277,2015-10-04,-74.849,33.0654
Bobolink,278,2015-10-05,-74.5953,32.7881
Bobolink,279,2015-10-06,-74.339,32.5023
Bobolink,280,2015-10-07,-74.0807,32.2074
Bobolink,281,2015-10-08,-73.8207,31.9027
Bobolink,282,2015-10-09,-73.5595,31.5877
Bobolink,283,2015-10-10,-73.2976,31.2616
Bobolink,284,2015-10-11,-73.0354,30.9239
Bobolink,285,2015-10-12,-72.7733,30.5738
Bobolink,286,2015-10-13,-72.5117,30.2107
Bobolink,287,2015-10-14,-72.2511,29.8339
Bobolink,288,2015-10-15,-71.9919,29.4428
Bobolink,289,2015-10-16,-71.7345,29.0366
Bobolink,290,2015-10-17,-71.4794,28.6148
Bobolink,291,2015-10-18,-71.2269,28.1766
Bobolink,292,2015-10-19,-70.9773,27.7218
Bobolink,293,2015-10-20,-70.731,27.2506
Bobolink,294,2015-10-21,-70.488,26.7635
Bobolink,295,2015-10-22,-70.2486,26.2609
Bobolink,296,2015-10-23,-70.0129,25.743
Bobolink,297,2015-10-24,-69.7811,25.2102
Bobolink,298,2015-10-25,-69.5534,24.663
Bobolink,299,2015-10-26,-69.3299,24.1016
Bobolink,300,2015-10-27,-69.1108,23.5264
Bobolink,301,2015-10-28,-68.8962,22.9378
Bobolink,302,2015-10-29,-68.6862,22.3361
Bobolink,303,2015-10-30,-68.4809,21.7217
Bobolink,304,2015-10-31,-68.2805,21.0949
Bobolink,305,2015-11-01,-68.0851,20.4562
Bobolink,306,2015-11-02,-67.8948,19.8058
Bobolink,307,2015-11-03,-67.7097,19.1441
Bobolink,308,2015-11-04,-67.5298,18.4715
Bobolink,309,2015-11-05,-67.3554,17.7883
Bobolink,310,2015-11-06,-67.1863,17.0949
Bobolink,311,2015-11-07,-67.0224,16.392
Bobolink,312,2015-11-08,-66.8636,15.6801
Bobolink,313,2015-11-09,-66.7096,14.9598
Bobolink,314,2015-11-10,-66.5603,14.2318
Bobolink,315,2015-11-11,-66.4155,13.4968
Bobolink,316,2015-11-12,-66.2751,12.7554
Bobolink,317,2015-11-13,-66.1389,12.0084
Bobolink,318,2015-11-14,-66.0067,11.2564
Bobolink,319,2015-11-15,-65.8784,10.5002
Bobolink,321,2015-11-17,-65.6329,8.9783
Bobolink,322,2015-11-18,-65.5154,8.2141
Bobolink,324,2015-11-20,-65.2902,6.6833
Bobolink,325,2015-11-21,-65.1822,5.9183
Bobolink,326,2015-11-22,-65.0772,5.1546
Bobolink,327,2015-11-23,-64.9749,4.393
Bobolink,328,2015-11-24,-64.8752,3.6344
Bobolink,329,2015-11-25,-64.7779,2.8791
Bobolink,331,2015-11-27,-64.589,1.3803
Bobolink,332,2015-11-28,-64.4969,0.6378
Bobolink,333,2015-11-29,-64.4059,-0.0995
Bobolink,334,2015-11-30,-64.3158,-0.8311
Bobolink,335,2015-12-01,-64.2262,-1.5567
Bobolink,336,2015-12-02,-64.137,-2.2756
Bobolink,337,2015-12-03,-64.0477,-2.9876
Bobolink,338,2015-12-04,-63.9581,-3.692
Bobolink,339,2015-12-05,-63.868,-4.3884
Bobolink,341,2015-12-07,-63.6849,-5.7556
Bobolink,342,2015-12-08,-63.5914,-6.4254
Bobolink,345,2015-12-11,-63.2994,-8.3747
Bobolink,348,2015-12-14,-62.9865,-10.2254
Bobolink,349,2015-12-15,-62.8779,-10.8191
Bobolink,350,2015-12-16,-62.7672,-11.4008
Bobolink,352,2015-12-18,-62.5406,-12.5273
Bobolink,354,2015-12-20,-62.3079,-13.6031
Bobolink,355,2015-12-21,-62.1896,-14.1213
Bobolink,356,2015-12-22,-62.0702,-14.6263
Bobolink,362,2015-12-28,-61.3405,-17.3632
Bobolink,363,2015-12-29,-61.2182,-17.7687
Buff-breasted Sandpiper,2,2015-01-02,-52.3358,-36.2602
Buff-breasted Sandpiper,4,2015-01-04,-52.3852,-36.2136
Buff-breasted Sandpiper,5,2015-01-05,-52.417,-36.1745
Buff-breasted Sandpiper,6,2015-01-06,-52.4535,-36.1247
Buff-breasted Sandpiper,9,2015-01-09,-52.5908,-35.9122
Buff-breasted Sandpiper,12,2015-01-12,-52.7692,-35.6046
Buff-breasted Sandpiper,17,2015-01-17,-53.1553,-34.879
Buff-breasted Sandpiper,21,2015-01-21,-53.5416,-34.1034
Buff-breasted Sandpiper,22,2015-01-22,-53.6487,-33.8819
Buff-breasted Sandpiper,24,2015-01-24,-53.8751,-33.4055
Buff-breasted Sandpiper,31,2015-01-31,-54.7925,-31.3806
Buff-breasted Sandpiper,37,2015-02-06,-55.7266,-29.1889
Buff-breasted Sandpiper,38,2015-02-07,-55.895,-28.7814
Buff-breasted Sandpiper,39,2015-02-08,-56.0669,-28.3617
Buff-breasted Sandpiper,43,2015-02-12,-56.7893,-26.5597
Buff-breasted Sandpiper,44,2015-02-13,-56.9786,-26.0786
Buff-breasted Sandpiper,46,2015-02-15,-57.3674,-25.08
Buff-breasted Sandpiper,55,2015-02-24,-59.2852,-19.9941
Buff-breasted Sandpiper,56,2015-02-25,-59.5153,-19.3705
Buff-breasted Sandpiper,57,2015-02-26,-59.7488,-18.7357
Buff-breasted Sandpiper,64,2015-03-05,-61.4792,-13.9934
Buff-breasted Sandpiper,65,2015-03-06,-61.7402,-13.2765
Buff-breasted Sandpiper,68,2015-03-09,-62.5442,-11.0733
Buff-breasted Sandpiper,70,2015-03-11,-63.0982,-9.564
Buff-breasted Sandpiper,76,2015-03-17,-64.8498,-4.8723
Buff-breasted Sandpiper,78,2015-03-19,-65.4644,-3.2639
Buff-breasted Sandpiper,79,2015-03-20,-65.7771,-2.4531
Buff-breasted Sandpiper,81,2015-03-22,-66.4134,-0.82
Buff-breasted Sandpiper,82,2015-03-23,-66.7369,0.0015
Buff-breasted Sandpiper,83,2015-03-24,-67.0638,0.826
Buff-breasted Sandpiper,84,2015-03-25,-67.3941,1.653
Buff-breasted Sandpiper,85,2015-03-26,-67.7279,2.4823
Buff-breasted Sandpiper,86,2015-03-27,-68.0652,3.3137
Buff-breasted Sandpiper,87,2015-03-28,-68.406,4.1468
Buff-breasted Sandpiper,88,2015-03-29,-68.7502,4.9814
Buff-breasted Sandpiper,89,2015-03-30,-69.098,5.8174
Buff-breasted Sandpiper,90,2015-03-31,-69.4494,6.6544
Buff-breasted Sandpiper,91,2015-04-01,-69.8044,7.4924
Buff-breasted Sandpiper,92,2015-04-02,-70.1632,8.3311
Buff-breasted Sandpiper,93,2015-04-03,-70.5258,9.1704
Buff-breasted Sandpiper,94,2015-04-04,-70.8924,10.0104
Buff-breasted Sandpiper,95,2015-04-05,-71.2627,10.8509
Buff-breasted Sandpiper,96,2015-04-06,-71.6368,11.6922
Buff-breasted Sandpiper,97,2015-04-07,-72.0145,12.5343
Buff-breasted Sandpiper,98,2015-04-08,-72.3959,13.3775
Buff-breasted Sandpiper,99,2015-04-09,-72.7809,14.2218
Buff-breasted Sandpiper,100,2015-04-10,-73.1695,15.0676
Buff-breasted Sandpiper,101,2015-04-11,-73.5617,15.915
Buff-breasted Sandpiper,102,2015-04-12,-73.9576,16.7643
Buff-breasted Sandpiper,103,2015-04-13,-74.3573,17.6158
Buff-breasted Sandpiper,104,2015-04-14,-74.7607,18.4699
Buff-breasted Sandpiper,105,2015-04-15,-75.1681,19.3268
Buff-breasted Sandpiper,106,2015-04-16,-75.5795,20.187
Buff-breasted Sandpiper,107,2015-04-17,-75.995,21.0509
Buff-breasted Sandpiper,108,2015-04-18,-76.415,21.9188
Buff-breasted Sandpiper,109,2015-04-19,-76.8396,22.7914
Buff-breasted Sandpiper,110,2015-04-20,-77.269,23.6689
Buff-breasted Sandpiper,111,2015-04-21,-77.7035,24.5521
Buff-breasted Sandpiper,112,2015-04-22,-78.1435,25.4412
Buff-breasted Sandpiper,113,2015-04-23,-78.5892,26.3365
Buff-breasted Sandpiper,114,2015-04-24,-79.0412,27.2382
Buff-breasted Sandpiper,115,2015-04-25,-79.4997,28.1464
Buff-breasted Sandpiper,116,2015-04-26,-79.9651,29.0612
Buff-breasted Sandpiper,117,2015-04-27,-80.438,29.9827
Buff-breasted Sandpiper,118,2015-04-28,-80.9187,30.911
Buff-breasted Sandpiper,119,2015-04-29,-81.4078,31.8462
Buff-breasted Sandpiper,120,2015-04-30,-81.9057,32.7882
Buff-breasted Sandpiper,121,2015-05-01,-82.4131,33.7372
Buff-breasted Sandpiper,122,2015-05-02,-82.9304,34.6931
Buff-breasted Sandpiper,123,2015-05-03,-83.4584,35.6559
Buff-breasted Sandpiper,124,2015-05-04,-83.9977,36.6256
Buff-breasted Sandpiper,125,2015-05-05,-84.5491,37.6021
Buff-breasted Sandpiper,126,2015-05-06,-85.1132,38.5853
Buff-breasted Sandpiper,127,2015-05-07,-85.691,39.5752
Buff-breasted Sandpiper,128,2015-05-08,-86.2834,40.5716
Buff-breasted Sandpiper,129,2015-05-09,-86.8912,41.5744
Buff-breasted Sandpiper,130,2015-05-10,-87.5157,42.5832
Buff-breasted Sandpiper,131,2015-05-11,-88.1575,43.5966
Buff-breasted Sandpiper,132,2015-05-12,-88.8174,44.6129
Buff-breasted Sandpiper,133,2015-05-13,-89.4961,45.6306
Buff-breasted Sandpiper,134,2015-05-14,-90.1943,46.6476
Buff-breasted Sandpiper,135,2015-05-15,-90.9125,47.6621
Buff-breasted Sandpiper,136,2015-05-16,-91.6513,48.6722
Buff-breasted Sandpiper,137,2015-05-17,-92.4111,49.676
Buff-breasted Sandpiper,138,2015-05-18,-93.1923,50.6713
Buff-breasted Sandpiper,139,2015-05-19,-93.995,51.6563
Buff-breasted Sandpiper,140,2015-05-20,-94.8194,52.6289
Buff-breasted Sandpiper,141,2015-05-21,-95.6652,53.5871
Buff-breasted Sandpiper,142,2015-05-22,-96.5323,54.529
Buff-breasted Sandpiper,143,2015-05-23,-97.42,55.4527
Buff-breasted Sandpiper,144,2015-05-24,-98.3275,56.3563
Buff-breasted Sandpiper,145,2015-05-25,-99.2538,57.238
Buff-breasted Sandpiper,146,2015-05-26,-100.1975,58.0961
Buff-breasted Sandpiper,147,2015-05-27,-101.1567,58.9291
Buff-breasted Sandpiper,148,2015-05-28,-102.1295,59.7355
Buff-breasted Sandpiper,149,2015-05-29,-103.114,60.5142
Buff-breasted Sandpiper,150,2015-05-30,-104.1089,61.2642
Buff-breasted Sandpiper,151,2015-05-31,-105.1121,61.9848
Buff-breasted Sandpiper,152,2015-06-01,-106.1215,62.675
Buff-breasted Sandpiper,153,2015-06-02,-107.1344,63.3344
Buff-breasted Sandpiper,154,2015-06-03,-108.1478,63.9622
Buff-breasted Sandpiper,155,2015-06-04,-109.1584,64.5581
Buff-breasted Sandpiper,156,2015-06-05,-110.1624,65.1216
Buff-breasted Sandpiper,157,2015-06-06,-111.1556,65.6524
Buff-breasted Sandpiper,158,2015-06-07,-112.1335,66.1503
Buff-breasted Sandpiper,159,2015-06-08,-113.0912,66.6151
Buff-breasted Sandpiper,160,2015-06-09,-114.0235,67.0467
Buff-breasted Sandpiper,161,2015-06-10,-114.925,67.445
Buff-breasted Sandpiper,162,2015-06-11,-115.7898,67.8102
Buff-breasted Sandpiper,163,2015-06-12,-116.6122,68.1421
Buff-breasted Sandpiper,164,2015-06-13,-117.3862,68.4409
Buff-breasted Sandpiper,165,2015-06-14,-118.1058,68.7065
Buff-breasted Sandpiper,166,2015-06-15,-118.7653,68.9391
Buff-breasted Sandpiper,167,2015-06-16,-119.3606,69.1394
Buff-breasted Sandpiper,168,2015-06-17,-119.8891,69.3085
Buff-breasted Sandpiper,169,2015-06-18,-120.3488,69.4474
Buff-breasted Sandpiper,170,2015-06-19,-120.7381,69.557
Buff-breasted Sandpiper,171,2015-06-20,-121.056,69.6382
Buff-breasted Sandpiper,172,2015-06-21,-121.3017,69.6915
Buff-breasted Sandpiper,173,2015-06-22,-121.4752,69.7175
Buff-breasted Sandpiper,174,2015-06-23,-121.5768,69.7165
Buff-breasted Sandpiper,175,2015-06-24,-121.6074,69.6889
Buff-breasted Sandpiper,176,2015-06-25,-121.5682,69.6348
Buff-breasted Sandpiper,177,2015-06-26,-121.461,69.5541
Buff-breasted Sandpiper,178,2015-06-27,-121.2878,69.4469
Buff-breasted Sandpiper,179,2015-06-28,-121.0512,69.313
Buff-breasted Sandpiper,180,2015-06-29,-120.7541,69.1522
Buff-breasted Sandpiper,181,2015-06-30,-120.3995,68.964
Buff-breasted Sandpiper,182,2015-07-01,-119.991,68.7482
Buff-breasted Sandpiper,183,2015-07-02,-119.5324,68.5042
Buff-breasted Sandpiper,184,2015-07-03,-119.0275,68.2317
Buff-breasted Sandpiper,185,2015-07-04,-118.4808,67.9307
Buff-breasted Sandpiper,186,2015-07-05,-117.8973,67.6018
Buff-breasted Sandpiper,187,2015-07-06,-117.2818,67.2457
Buff-breasted Sandpiper,188,2015-07-07,-116.6391,66.8632
Buff-breasted Sandpiper,189,2015-07-08,-115.9736,66.455
Buff-breasted Sandpiper,190,2015-07-09,-115.2896,66.022
Buff-breasted Sandpiper,191,2015-07-10,-114.5913,65.5651
Buff-breasted Sandpiper,192,2015-07-11,-113.8823,65.0853
Buff-breasted Sandpiper,193,2015-07-12,-113.1661,64.5835
Buff-breasted Sandpiper,194,2015-07-13,-112.4459,64.061
Buff-breasted Sandpiper,195,2015-07-14,-111.7246,63.519
Buff-breasted Sandpiper,196,2015-07-15,-111.0046,62.9587
Buff-breasted Sandpiper,197,2015-07-16,-110.2882,62.3816
Buff-breasted Sandpiper,198,2015-07-17,-109.5775,61.7892
Buff-breasted Sandpiper,199,2015-07-18,-108.8741,61.1828
Buff-breasted Sandpiper,200,2015-07-19,-108.1795,60.5643
Buff-breasted Sandpiper,201,2015-07-20,-107.4949,59.9352
Buff-breasted Sandpiper,202,2015-07-21,-106.8213,59.2973
Buff-breasted Sandpiper,203,2015-07-22,-106.1594,58.6523
Buff-breasted Sandpiper,204,2015-07-23,-105.5096,58.0018
Buff-breasted Sandpiper,205,2015-07-24,-104.8721,57.3473
Buff-breasted Sandpiper,206,2015-07-25,-104.2471,56.6905
Buff-breasted Sandpiper,207,2015-07-26,-103.6344,56.033
Buff-breasted Sandpiper,208,2015-07-27,-103.0341,55.3763
Buff-breasted Sandpiper,209,2015-07-28,-102.446,54.7221
Buff-breasted Sandpiper,210,2015-07-29,-101.8697,54.072
Buff-breasted Sandpiper,211,2015-07-30,-101.305,53.4274
Buff-breasted Sandpiper,212,2015-07-31,-100.7515,52.79
Buff-breasted Sandpiper,213,2015-08-01,-100.2088,52.1612
Buff-breasted Sandpiper,214,2015-08-02,-99.6764,51.5426
Buff-breasted Sandpiper,215,2015-08-03,-99.1538,50.9355
Buff-breasted Sandpiper,216,2015-08-04,-98.6406,50.3414
Buff-breasted Sandpiper,217,2015-08-05,-98.1361,49.7616
Buff-breasted Sandpiper,218,2015-08-06,-97.6399,49.1975
Buff-breasted Sandpiper,219,2015-08-07,-97.1513,48.6503
Buff-breasted Sandpiper,220,2015-08-08,-96.6696,48.1212
Buff-breasted Sandpiper,221,2015-08-09,-96.1943,47.6109
Buff-breasted Sandpiper,222,2015-08-10,-95.7243,47.1184
Buff-breasted Sandpiper,223,2015-08-11,-95.2588,46.6427
Buff-breasted Sandpiper,224,2015-08-12,-94.7968,46.1826
Buff-breasted Sandpiper,225,2015-08-13,-94.3377,45.7371
Buff-breasted Sandpiper,226,2015-08-14,-93.8806,45.305
Buff-breasted Sandpiper,227,2015-08-15,-93.4249,44.8851
Buff-breasted Sandpiper,228,2015-08-16,-92.97,44.4762
Buff-breasted Sandpiper,229,2015-08-17,-92.5154,44.0773
Buff-breasted Sandpiper,230,2015-08-18,-92.0603,43.6871
Buff-breasted Sandpiper,231,2015-08-19,-91.6044,43.3044
Buff-breasted Sandpiper,232,2015-08-20,-91.1472,42.9281
Buff-breasted Sandpiper,233,2015-08-21,-90.6882,42.5569
Buff-breasted Sandpiper,234,2015-08-22,-90.2269,42.1896
Buff-breasted Sandpiper,235,2015-08-23,-89.7631,41.8251
Buff-breasted Sandpiper,236,2015-08-24,-89.2963,41.4621
Buff-breasted Sandpiper,237,2015-08-25,-88.8262,41.0994
Buff-breasted Sandpiper,238,2015-08-26,-88.3525,40.7357
Buff-breasted Sandpiper,239,2015-08-27,-87.875,40.3699
Buff-breasted Sandpiper,240,2015-08-28,-87.3938,40.0011
Buff-breasted Sandpiper,241,2015-08-29,-86.9089,39.6281
Buff-breasted Sandpiper,242,2015-08-30,-86.4205,39.2502
Buff-breasted Sandpiper,243,2015-08-31,-85.9287,38.8663
Buff-breasted Sandpiper,244,2015-09-01,-85.4336,38.4754
Buff-breasted Sandpiper,245,2015-09-02,-84.9353,38.0766
Buff-breasted Sandpiper,246,2015-09-03,-84.434,37.6688
Buff-breasted Sandpiper,247,2015-09-04,-83.9299,37.251
Buff-breasted Sandpiper,248,2015-09-05,-83.423,36.8222
Buff-breasted Sandpiper,249,2015-09-06,-82.9134,36.3813
Buff-breasted Sandpiper,250,2015-09-07,-82.4013,35.9272
Buff-breasted Sandpiper,251,2015-09-08,-81.8869,35.4588
Buff-breasted Sandpiper,252,2015-09-09,-81.3703,34.9749
Buff-breasted Sandpiper,253,2015-09-10,-80.8517,34.4745
Buff-breasted Sandpiper,254,2015-09-11,-80.3311,33.9563
Buff-breasted Sandpiper,255,2015-09-12,-79.8087,33.419
Buff-breasted Sandpiper,256,2015-09-13,-79.2847,32.8615
Buff-breasted Sandpiper,257,2015-09-14,-78.7593,32.2826
Buff-breasted Sandpiper,258,2015-09-15,-78.233,31.682
Buff-breasted Sandpiper,259,2015-09-16,-77.7061,31.0597
Buff-breasted Sandpiper,260,2015-09-17,-77.1793,30.4157
Buff-breasted Sandpiper,261,2015-09-18,-76.6531,29.75
Buff-breasted Sandpiper,262,2015-09-19,-76.1279,29.0627
Buff-breasted Sandpiper,263,2015-09-20,-75.6041,28.3537
Buff-breasted Sandpiper,264,2015-09-21,-75.0824,27.6234
Buff-breasted Sandpiper,265,2015-09-22,-74.563,26.8716
Buff-breasted Sandpiper,266,2015-09-23,-74.0465,26.0986
Buff-breasted Sandpiper,267,2015-09-24,-73.5333,25.3045
Buff-breasted Sandpiper,268,2015-09-25,-73.0238,24.4896
Buff-breasted Sandpiper,269,2015-09-26,-72.5184,23.6541
Buff-breasted Sandpiper,270,2015-09-27,-72.0176,22.7982
Buff-breasted Sandpiper,271,2015-09-28,-71.5216,21.9222
Buff-breasted Sandpiper,272,2015-09-29,-71.0309,21.0266
Buff-breasted Sandpiper,273,2015-09-30,-70.5459,20.1116
Buff-breasted Sandpiper,274,2015-10-01,-70.067,19.1776
Buff-breasted Sandpiper,275,2015-10-02,-69.5943,18.2253
Buff-breasted Sandpiper,276,2015-10-03,-69.1282,17.2552
Buff-breasted Sandpiper,277,2015-10-04,-68.6686,16.2682
Buff-breasted Sandpiper,278,2015-10-05,-68.2155,15.2653
Buff-breasted Sandpiper,279,2015-10-06,-67.7689,14.2476
Buff-breasted Sandpiper,280,2015-10-07,-67.329,13.2162
Buff-breasted Sandpiper,281,2015-10-08,-66.8958,12.1723
Buff-breasted Sandpiper,282,2015-10-09,-66.4694,11.1173
Buff-breasted Sandpiper,283,2015-10-10,-66.0499,10.0524
Buff-breasted Sandpiper,284,2015-10-11,-65.6374,8.9792
Buff-breasted Sandpiper,285,2015-10-12,-65.232,7.8992
Buff-breasted Sandpiper,286,2015-10-13,-64.8338,6.8139
Buff-breasted Sandpiper,287,2015-10-14,-64.443,5.725
Buff-breasted Sandpiper,288,2015-10-15,-64.0597,4.6341
Buff-breasted Sandpiper,289,2015-10-16,-63.684,3.543
Buff-breasted Sandpiper,290,2015-10-17,-63.3162,2.4533
Buff-breasted Sandpiper,291,2015-10-18,-62.9565,1.3669
Buff-breasted Sandpiper,292,2015-10-19,-62.6049,0.2854
Buff-breasted Sandpiper,293,2015-10-20,-62.2616,-0.7894
Buff-breasted Sandpiper,294,2015-10-21,-61.9268,-1.8562
Buff-breasted Sandpiper,295,2015-10-22,-61.6001,-2.9139
Buff-breasted Sandpiper,296,2015-10-23,-61.2815,-3.9615
Buff-breasted Sandpiper,297,2015-10-24,-60.9707,-4.9979
Buff-breasted Sandpiper,298,2015-10-25,-60.6677,-6.0223
Buff-breasted Sandpiper,299,2015-10-26,-60.3722,-7.0337
Buff-breasted Sandpiper,300,2015-10-27,-60.0842,-8.0313
Buff-breasted Sandpiper,301,2015-10-28,-59.8035,-9.0143
Buff-breasted Sandpiper,302,2015-10-29,-59.5299,-9.9818
Buff-breasted Sandpiper,303,2015-10-30,-59.2634,-10.9332
Buff-breasted Sandpiper,304,2015-10-31,-59.0038,-11.8678
Buff-breasted Sandpiper,305,2015-11-01,-58.7511,-12.785
Buff-breasted Sandpiper,306,2015-11-02,-58.505,-13.6841
Buff-breasted Sandpiper,307,2015-11-03,-58.2656,-14.5647
Buff-breasted Sandpiper,308,2015-11-04,-58.0326,-15.4262
Buff-breasted Sandpiper,309,2015-11-05,-57.806,-16.2683
Buff-breasted Sandpiper,310,2015-11-06,-57.5857,-17.0904
Buff-breasted Sandpiper,311,2015-11-07,-57.3716,-17.8923
Buff-breasted Sandpiper,312,2015-11-08,-57.1635,-18.6739
Buff-breasted Sandpiper,313,2015-11-09,-56.9614,-19.4351
Buff-breasted Sandpiper,314,2015-11-10,-56.765,-20.1762
Buff-breasted Sandpiper,316,2015-11-12,-56.3889,-21.5984
Buff-breasted Sandpiper,317,2015-11-13,-56.2089,-22.28
Buff-breasted Sandpiper,318,2015-11-14,-56.0339,-22.942
Buff-breasted Sandpiper,319,2015-11-15,-55.864,-23.5847
Buff-breasted Sandpiper,320,2015-11-16,-55.6988,-24.2084
Buff-breasted Sandpiper,322,2015-11-18,-55.3824,-25.3994
Buff-breasted Sandpiper,323,2015-11-19,-55.2308,-25.9671
Buff-breasted Sandpiper,324,2015-11-20,-55.0835,-26.5166
Buff-breasted Sandpiper,326,2015-11-22,-54.8009,-27.5618
Buff-breasted Sandpiper,327,2015-11-23,-54.6654,-28.058
Buff-breasted Sandpiper,328,2015-11-24,-54.5336,-28.5368
Buff-breasted Sandpiper,329,2015-11-25,-54.4052,-28.9984
Buff-breasted Sandpiper,330,2015-11-26,-54.2803,-29.4432
Buff-breasted Sandpiper,331,2015-11-27,-54.1589,-29.8714
Buff-breasted Sandpiper,332,2015-11-28,-54.041,-30.2833
Buff-breasted Sandpiper,333,2015-11-29,-53.9265,-30.6792
Buff-breasted Sandpiper,334,2015-11-30,-53.8157,-31.0595
Buff-breasted Sandpiper,335,2015-12-01,-53.7084,-31.4244
Buff-breasted Sandpiper,337,2015-12-03,-53.5047,-32.1092
Buff-breasted Sandpiper,338,2015-12-04,-53.4084,-32.4296
Buff-breasted Sandpiper,339,2015-12-05,-53.3157,-32.7356
Buff-breasted Sandpiper,340,2015-12-06,-53.2269,-33.0276
Buff-breasted Sandpiper,341,2015-12-07,-53.1418,-33.3057
Buff-breasted Sandpiper,343,2015-12-09,-52.9831,-33.821
Buff-breasted Sandpiper,346,2015-12-12,-52.7744,-34.4948
Buff-breasted Sandpiper,347,2015-12-13,-52.7128,-34.6937
Buff-breasted Sandpiper,348,2015-12-14,-52.6552,-34.8799
Buff-breasted Sandpiper,349,2015-12-15,-52.6017,-35.0537
Buff-breasted Sandpiper,350,2015-12-16,-52.5523,-35.2153
Buff-breasted Sandpiper,351,2015-12-17,-52.5071,-35.3648
Buff-breasted Sandpiper,353,2015-12-19,-52.4293,-35.6282
Buff-breasted Sandpiper,354,2015-12-20,-52.3969,-35.7423
Buff-breasted Sandpiper,355,2015-12-21,-52.3688,-35.845
Buff-breasted Sandpiper,357,2015-12-23,-52.3258,-36.0162
Buff-breasted Sandpiper,359,2015-12-25,-52.3007,-36.1426
Buff-breasted Sandpiper,362,2015-12-28,-52.2973,-36.25
Buff-breasted Sandpiper,364,2015-12-30,-52.3182,-36.2675
Buff-breasted Sandpiper,365,2015-12-31,-52.3358,-36.2602
Connecticut Warbler,92,2015-04-02,-73.5302,18.8841
Connecticut Warbler,106,2015-04-16,-77.8162,23.296
Connecticut Warbler,108,2015-04-18,-78.5233,24.1146
Connecticut Warbler,110,2015-04-20,-79.2518,24.988
Connecticut Warbler,114,2015-04-24,-80.7706,26.9086
Connecticut Warbler,115,2015-04-25,-81.1629,27.4267
Connecticut Warbler,116,2015-04-26,-81.5603,27.9605
Connecticut Warbler,117,2015-04-27,-81.9627,28.5104
Connecticut Warbler,118,2015-04-28,-82.3702,29.0766
Connecticut Warbler,119,2015-04-29,-82.7827,29.6591
Connecticut Warbler,120,2015-04-30,-83.2002,30.2574
Connecticut Warbler,121,2015-05-01,-83.6229,30.8709
Connecticut Warbler,122,2015-05-02,-84.0506,31.4991
Connecticut Warbler,123,2015-05-03,-84.4834,32.1413
Connecticut Warbler,124,2015-05-04,-84.9213,32.7969
Connecticut Warbler,125,2015-05-05,-85.3643,33.4653
Connecticut Warbler,126,2015-05-06,-85.8124,34.146
Connecticut Warbler,127,2015-05-07,-86.2656,34.8382
Connecticut Warbler,128,2015-05-08,-86.7239,35.5414
Connecticut Warbler,129,2015-05-09,-87.1874,36.2549
Connecticut Warbler,130,2015-05-10,-87.656,36.978
Connecticut Warbler,131,2015-05-11,-88.1297,37.7101
Connecticut Warbler,132,2015-05-12,-88.6085,38.4497
Connecticut Warbler,133,2015-05-13,-89.0918,39.1941
Connecticut Warbler,134,2015-05-14,-89.579,39.9407
Connecticut Warbler,135,2015-05-15,-90.0696,40.687
Connecticut Warbler,136,2015-05-16,-90.5629,41.4303
Connecticut Warbler,137,2015-05-17,-91.0579,42.168
Connecticut Warbler,138,2015-05-18,-91.5538,42.8977
Connecticut Warbler,139,2015-05-19,-92.0496,43.617
Connecticut Warbler,140,2015-05-20,-92.5441,44.3233
Connecticut Warbler,141,2015-05-21,-93.036,45.0145
Connecticut Warbler,142,2015-05-22,-93.524,45.6883
Connecticut Warbler,143,2015-05-23,-94.0065,46.3423
Connecticut Warbler,144,2015-05-24,-94.482,46.9747
Connecticut Warbler,145,2015-05-25,-94.9491,47.5838
Connecticut Warbler,146,2015-05-26,-95.4063,48.1685
Connecticut Warbler,147,2015-05-27,-95.8524,48.7275
Connecticut Warbler,148,2015-05-28,-96.2858,49.2599
Connecticut Warbler,149,2015-05-29,-96.7051,49.7645
Connecticut Warbler,150,2015-05-30,-97.1085,50.2402
Connecticut Warbler,151,2015-05-31,-97.4943,50.6858
Connecticut Warbler,152,2015-06-01,-97.8607,51.1004
Connecticut Warbler,153,2015-06-02,-98.2059,51.4828
Connecticut Warbler,154,2015-06-03,-98.5279,51.832
Connecticut Warbler,155,2015-06-04,-98.825,52.1468
Connecticut Warbler,156,2015-06-05,-99.0952,52.426
Connecticut Warbler,157,2015-06-06,-99.3368,52.6689
Connecticut Warbler,158,2015-06-07,-99.5501,52.8769
Connecticut Warbler,159,2015-06-08,-99.7365,53.0526
Connecticut Warbler,160,2015-06-09,-99.8976,53.1985
Connecticut Warbler,161,2015-06-10,-100.0351,53.3172
Connecticut Warbler,162,2015-06-11,-100.1509,53.4111
Connecticut Warbler,163,2015-06-12,-100.2469,53.4826
Connecticut Warbler,164,2015-06-13,-100.3251,53.5343
Connecticut Warbler,165,2015-06-14,-100.3877,53.5683
Connecticut Warbler,166,2015-06-15,-100.4369,53.5872
Connecticut Warbler,167,2015-06-16,-100.4747,53.5933
Connecticut Warbler,168,2015-06-17,-100.5036,53.5888
Connecticut Warbler,169,2015-06-18,-100.5257,53.5762
Connecticut Warbler,170,2015-06-19,-100.5433,53.5576
Connecticut Warbler,171,2015-06-20,-100.5579,53.5345
Connecticut Warbler,172,2015-06-21,-100.5709,53.5081
Connecticut Warbler,173,2015-06-22,-100.5838,53.4795
Connecticut Warbler,174,2015-06-23,-100.5979,53.4498
Connecticut Warbler,175,2015-06-24,-100.6147,53.4203
Connecticut Warbler,176,2015-06-25,-100.6356,53.392
Connecticut Warbler,177,2015-06-26,-100.6619,53.3662
Connecticut Warbler,178,2015-06-27,-100.695,53.344
Connecticut Warbler,179,2015-06-28,-100.7364,53.3265
Connecticut Warbler,180,2015-06-29,-100.7874,53.3149
Connecticut Warbler,181,2015-06-30,-100.8495,53.3104
Connecticut Warbler,182,2015-07-01,-100.9241,53.314
Connecticut Warbler,183,2015-07-02,-101.0123,53.3266
Connecticut Warbler,184,2015-07-03,-101.1139,53.3477
Connecticut Warbler,185,2015-07-04,-101.2286,53.3765
Connecticut Warbler,186,2015-07-05,-101.3558,53.4123
Connecticut Warbler,187,2015-07-06,-101.4952,53.4544
Connecticut Warbler,188,2015-07-07,-101.6464,53.5019
Connecticut Warbler,189,2015-07-08,-101.809,53.5543
Connecticut Warbler,190,2015-07-09,-101.9826,53.6107
Connecticut Warbler,191,2015-07-10,-102.1668,53.6704
Connecticut Warbler,192,2015-07-11,-102.3613,53.7326
Connecticut Warbler,193,2015-07-12,-102.5655,53.7967
Connecticut Warbler,194,2015-07-13,-102.7791,53.8619
Connecticut Warbler,195,2015-07-14,-103.0016,53.9274
Connecticut Warbler,196,2015-07-15,-103.2323,53.9927
Connecticut Warbler,197,2015-07-16,-103.4699,54.0574
Connecticut Warbler,198,2015-07-17,-103.7128,54.1209
Connecticut Warbler,199,2015-07-18,-103.9595,54.183
Connecticut Warbler,200,2015-07-19,-104.2084,54.2432
Connecticut Warbler,201,2015-07-20,-104.4581,54.3013
Connecticut Warbler,202,2015-07-21,-104.7069,54.3568
Connecticut Warbler,203,2015-07-22,-104.9532,54.4094
Connecticut Warbler,204,2015-07-23,-105.1953,54.4588
Connecticut Warbler,205,2015-07-24,-105.4317,54.5048
Connecticut Warbler,206,2015-07-25,-105.6607,54.5469
Connecticut Warbler,207,2015-07-26,-105.8806,54.5849
Connecticut Warbler,209,2015-07-28,-106.2865,54.6475
Connecticut Warbler,213,2015-08-01,-106.923,54.7178
Connecticut Warbler,214,2015-08-02,-107.0378,54.7238
Connecticut Warbler,215,2015-08-03,-107.1322,54.7253
Connecticut Warbler,216,2015-08-04,-107.205,54.722
Connecticut Warbler,217,2015-08-05,-107.2548,54.7141
Connecticut Warbler,218,2015-08-06,-107.2804,54.7016
Connecticut Warbler,219,2015-08-07,-107.2805,54.6842
Connecticut Warbler,220,2015-08-08,-107.254,54.6621
Connecticut Warbler,221,2015-08-09,-107.1997,54.6351
Connecticut Warbler,222,2015-08-10,-107.1167,54.6029
Connecticut Warbler,223,2015-08-11,-107.0047,54.5653
Connecticut Warbler,224,2015-08-12,-106.8633,54.5217
Connecticut Warbler,225,2015-08-13,-106.6922,54.4717
Connecticut Warbler,226,2015-08-14,-106.4911,54.415
Connecticut Warbler,227,2015-08-15,-106.2597,54.3509
Connecticut Warbler,228,2015-08-16,-105.9978,54.279
Connecticut Warbler,229,2015-08-17,-105.7052,54.1986
Connecticut Warbler,230,2015-08-18,-105.3817,54.1094
Connecticut Warbler,231,2015-08-19,-105.0272,54.0105
Connecticut Warbler,232,2015-08-20,-104.6416,53.9015
Connecticut Warbler,233,2015-08-21,-104.2248,53.7815
Connecticut Warbler,234,2015-08-22,-103.7769,53.6499
Connecticut Warbler,235,2015-08-23,-103.2988,53.5058
Connecticut Warbler,236,2015-08-24,-102.7919,53.3485
Connecticut Warbler,237,2015-08-25,-102.2576,53.1769
Connecticut Warbler,238,2015-08-26,-101.6976,52.9902
Connecticut Warbler,239,2015-08-27,-101.1132,52.7875
Connecticut Warbler,240,2015-08-28,-100.5062,52.5678
Connecticut Warbler,241,2015-08-29,-99.878,52.3303
Connecticut Warbler,242,2015-08-30,-99.2302,52.0738
Connecticut Warbler,243,2015-08-31,-98.5645,51.7976
Connecticut Warbler,244,2015-09-01,-97.8824,51.5006
Connecticut Warbler,245,2015-09-02,-97.1856,51.1818
Connecticut Warbler,246,2015-09-03,-96.4756,50.8403
Connecticut Warbler,247,2015-09-04,-95.7542,50.4752
Connecticut Warbler,248,2015-09-05,-95.0231,50.0858
Connecticut Warbler,249,2015-09-06,-94.2842,49.6719
Connecticut Warbler,250,2015-09-07,-93.5394,49.2331
Connecticut Warbler,251,2015-09-08,-92.7905,48.7692
Connecticut Warbler,252,2015-09-09,-92.0393,48.28
Connecticut Warbler,253,2015-09-10,-91.2875,47.7652
Connecticut Warbler,254,2015-09-11,-90.5367,47.2245
Connecticut Warbler,255,2015-09-12,-89.7884,46.658
Connecticut Warbler,256,2015-09-13,-89.0443,46.0654
Connecticut Warbler,257,2015-09-14,-88.3056,45.4466
Connecticut Warbler,258,2015-09-15,-87.5738,44.8017
Connecticut Warbler,259,2015-09-16,-86.8501,44.1305
Connecticut Warbler,260,2015-09-17,-86.1358,43.4334
Connecticut Warbler,261,2015-09-18,-85.4319,42.7115
Connecticut Warbler,262,2015-09-19,-84.7395,41.9663
Connecticut Warbler,263,2015-09-20,-84.0597,41.1995
Connecticut Warbler,264,2015-09-21,-83.3933,40.4129
Connecticut Warbler,265,2015-09-22,-82.7411,39.6083
Connecticut Warbler,266,2015-09-23,-82.1038,38.7877
Connecticut Warbler,267,2015-09-24,-81.482,37.953
Connecticut Warbler,268,2015-09-25,-80.8764,37.1064
Connecticut Warbler,269,2015-09-26,-80.2873,36.2501
Connecticut Warbler,270,2015-09-27,-79.7152,35.3862
Connecticut Warbler,271,2015-09-28,-79.1604,34.5171
Connecticut Warbler,272,2015-09-29,-78.6232,33.645
Connecticut Warbler,273,2015-09-30,-78.1038,32.7724
Connecticut Warbler,274,2015-10-01,-77.6022,31.9014
Connecticut Warbler,275,2015-10-02,-77.118,31.0344
Connecticut Warbler,276,2015-10-03,-76.6512,30.1736
Connecticut Warbler,277,2015-10-04,-76.2015,29.3214
Connecticut Warbler,278,2015-10-05,-75.7689,28.48
Connecticut Warbler,279,2015-10-06,-75.353,27.6516
Connecticut Warbler,280,2015-10-07,-74.9536,26.8386
Connecticut Warbler,281,2015-10-08,-74.5707,26.0431
Connecticut Warbler,282,2015-10-09,-74.204,25.2673
Connecticut Warbler,283,2015-10-10,-73.8533,24.5133
Connecticut Warbler,284,2015-10-11,-73.5185,23.7833
Connecticut Warbler,285,2015-10-12,-73.1994,23.0791
Connecticut Warbler,286,2015-10-13,-72.8956,22.4023
Connecticut Warbler,287,2015-10-14,-72.6067,21.7535
Connecticut Warbler,288,2015-10-15,-72.3323,21.133
Connecticut Warbler,289,2015-10-16,-72.0716,20.5411
Connecticut Warbler,290,2015-10-17,-71.8245,19.9783
Connecticut Warbler,291,2015-10-18,-71.5902,19.4447
Connecticut Warbler,292,2015-10-19,-71.3686,18.9405
Connecticut Warbler,293,2015-10-20,-71.1591,18.4659
Connecticut Warbler,294,2015-10-21,-70.9615,18.0211
Connecticut Warbler,295,2015-10-22,-70.7753,17.6062
Connecticut Warbler,296,2015-10-23,-70.6001,17.2213
Connecticut Warbler,297,2015-10-24,-70.4358,16.8665
Connecticut Warbler,298,2015-10-25,-70.282,16.5419
Connecticut Warbler,299,2015-10-26,-70.1384,16.247
Connecticut Warbler,303,2015-10-30,-69.6613,15.3372
Connecticut Warbler,307,2015-11-03,-69.3304,14.7958
Connecticut Warbler,312,2015-11-08,-69.1077,14.515
Connecticut Warbler,316,2015-11-12,-69.0747,14.526
Connecticut Warbler,318,2015-11-14,-69.1055,14.5935
Connecticut Warbler,329,2015-11-25,-69.8298,15.4525
Connecticut Warbler,349,2015-12-15,-73.5302,18.8841
Pectoral Sandpiper,1,2015-01-01,-61.6414,-14.4103
Pectoral Sandpiper,2,2015-01-02,-61.5912,-14.7968
Pectoral Sandpiper,3,2015-01-03,-61.5524,-15.1489
Pectoral Sandpiper,4,2015-01-04,-61.5249,-15.467
Pectoral Sandpiper,5,2015-01-05,-61.5084,-15.7512
Pectoral Sandpiper,6,2015-01-06,-61.5028,-16.0019
Pectoral Sandpiper,7,2015-01-07,-61.5081,-16.2192
Pectoral Sandpiper,8,2015-01-08,-61.5239,-16.4033
Pectoral Sandpiper,9,2015-01-09,-61.5502,-16.5544
Pectoral Sandpiper,10,2015-01-10,-61.5868,-16.6724
Pectoral Sandpiper,11,2015-01-11,-61.6336,-16.7575
Pectoral Sandpiper,12,2015-01-12,-61.6904,-16.8096
Pectoral Sandpiper,13,2015-01-13,-61.7571,-16.8287
Pectoral Sandpiper,14,2015-01-14,-61.8335,-16.8147
Pectoral Sandpiper,15,2015-01-15,-61.9196,-16.7676
Pectoral Sandpiper,16,2015-01-16,-62.0151,-16.687
Pectoral Sandpiper,17,2015-01-17,-62.12,-16.5728
Pectoral Sandpiper,18,2015-01-18,-62.2341,-16.4248
Pectoral Sandpiper,19,2015-01-19,-62.3573,-16.2426
Pectoral Sandpiper,20,2015-01-20,-62.4895,-16.0259
Pectoral Sandpiper,21,2015-01-21,-62.6306,-15.7749
Pectoral Sandpiper,22,2015-01-22,-62.7805,-15.4898
Pectoral Sandpiper,23,2015-01-23,-62.9393,-15.1707
Pectoral Sandpiper,24,2015-01-24,-63.1067,-14.818
Pectoral Sandpiper,25,2015-01-25,-63.2829,-14.4318
Pectoral Sandpiper,26,2015-01-26,-63.4677,-14.0123
Pectoral Sandpiper,27,2015-01-27,-63.6611,-13.5595
Pectoral Sandpiper,28,2015-01-28,-63.8632,-13.0737
Pectoral Sandpiper,29,2015-01-29,-64.0738,-12.555
Pectoral Sandpiper,31,2015-01-31,-64.5205,-11.4194
Pectoral Sandpiper,32,2015-02-01,-64.7566,-10.8028
Pectoral Sandpiper,33,2015-02-02,-65.0012,-10.1539
Pectoral Sandpiper,34,2015-02-03,-65.2542,-9.4729
Pectoral Sandpiper,35,2015-02-04,-65.5156,-8.7601
Pectoral Sandpiper,36,2015-02-05,-65.7855,-8.0155
Pectoral Sandpiper,37,2015-02-06,-66.0638,-7.2397
Pectoral Sandpiper,38,2015-02-07,-66.3505,-6.433
Pectoral Sandpiper,39,2015-02-08,-66.6455,-5.5962
Pectoral Sandpiper,40,2015-02-09,-66.9486,-4.731
Pectoral Sandpiper,41,2015-02-10,-67.2596,-3.839
Pectoral Sandpiper,42,2015-02-11,-67.5782,-2.9221
Pectoral Sandpiper,43,2015-02-12,-67.9044,-1.9819
Pectoral Sandpiper,44,2015-02-13,-68.2378,-1.0205
Pectoral Sandpiper,45,2015-02-14,-68.5782,-0.0398
Pectoral Sandpiper,46,2015-02-15,-68.9255,0.9581
Pectoral Sandpiper,47,2015-02-16,-69.2794,1.9711
Pectoral Sandpiper,48,2015-02-17,-69.6397,2.9968
Pectoral Sandpiper,49,2015-02-18,-70.0062,4.0332
Pectoral Sandpiper,50,2015-02-19,-70.3788,5.0779
Pectoral Sandpiper,51,2015-02-20,-70.7571,6.1286
Pectoral Sandpiper,52,2015-02-21,-71.141,7.1829
Pectoral Sandpiper,53,2015-02-22,-71.5303,8.2386
Pectoral Sandpiper,54,2015-02-23,-71.9248,9.2934
Pectoral Sandpiper,55,2015-02-24,-72.3242,10.3449
Pectoral Sandpiper,56,2015-02-25,-72.7284,11.3909
Pectoral Sandpiper,57,2015-02-26,-73.1371,12.4293
Pectoral Sandpiper,58,2015-02-27,-73.5498,13.4578
Pectoral Sandpiper,59,2015-02-28,-73.966,14.4743
Pectoral Sandpiper,60,2015-03-01,-74.3851,15.4766
Pectoral Sandpiper,61,2015-03-02,-74.8067,16.4629
Pectoral Sandpiper,62,2015-03-03,-75.2303,17.4312
Pectoral Sandpiper,63,2015-03-04,-75.6553,18.3797
Pectoral Sandpiper,64,2015-03-05,-76.0811,19.3066
Pectoral Sandpiper,65,2015-03-06,-76.5072,20.2105
Pectoral Sandpiper,66,2015-03-07,-76.9331,21.0898
Pectoral Sandpiper,67,2015-03-08,-77.3581,21.9431
Pectoral Sandpiper,68,2015-03-09,-77.7817,22.7692
Pectoral Sandpiper,69,2015-03-10,-78.2033,23.5669
Pectoral Sandpiper,70,2015-03-11,-78.6223,24.335
Pectoral Sandpiper,71,2015-03-12,-79.0382,25.0728
Pectoral Sandpiper,72,2015-03-13,-79.4502,25.7791
Pectoral Sandpiper,73,2015-03-14,-79.8578,26.4533
Pectoral Sandpiper,74,2015-03-15,-80.2604,27.0945
Pectoral Sandpiper,75,2015-03-16,-80.6574,27.7024
Pectoral Sandpiper,76,2015-03-17,-81.0487,28.2778
Pectoral Sandpiper,77,2015-03-18,-81.4342,28.8218
Pectoral Sandpiper,78,2015-03-19,-81.8138,29.3356
Pectoral Sandpiper,79,2015-03-20,-82.1875,29.8201
Pectoral Sandpiper,80,2015-03-21,-82.5551,30.2763
Pectoral Sandpiper,81,2015-03-22,-82.9165,30.7053
Pectoral Sandpiper,82,2015-03-23,-83.2718,31.108
Pectoral Sandpiper,83,2015-03-24,-83.6207,31.4852
Pectoral Sandpiper,84,2015-03-25,-83.9632,31.8379
Pectoral Sandpiper,85,2015-03-26,-84.2993,32.1668
Pectoral Sandpiper,86,2015-03-27,-84.6289,32.4727
Pectoral Sandpiper,87,2015-03-28,-84.9518,32.7565
Pectoral Sandpiper,88,2015-03-29,-85.268,33.0188
Pectoral Sandpiper,89,2015-03-30,-85.5774,33.2603
Pectoral Sandpiper,90,2015-03-31,-85.88,33.4816
Pectoral Sandpiper,91,2015-04-01,-86.1756,33.6835
Pectoral Sandpiper,92,2015-04-02,-86.4642,33.8665
Pectoral Sandpiper,93,2015-04-03,-86.7457,34.0313
Pectoral Sandpiper,94,2015-04-04,-87.0206,34.1793
Pectoral Sandpiper,95,2015-04-05,-87.2897,34.3125
Pectoral Sandpiper,96,2015-04-06,-87.5537,34.4327
Pectoral Sandpiper,97,2015-04-07,-87.8134,34.5417
Pectoral Sandpiper,98,2015-04-08,-88.0695,34.6414
Pectoral Sandpiper,99,2015-04-09,-88.3231,34.7336
Pectoral Sandpiper,100,2015-04-10,-88.5748,34.82
Pectoral Sandpiper,101,2015-04-11,-88.8255,34.9023
Pectoral Sandpiper,102,2015-04-12,-89.0762,34.9823
Pectoral Sandpiper,103,2015-04-13,-89.3276,35.0617
Pectoral Sandpiper,104,2015-04-14,-89.5809,35.1422
Pectoral Sandpiper,105,2015-04-15,-89.8369,35.2256
Pectoral Sandpiper,106,2015-04-16,-90.0966,35.3135
Pectoral Sandpiper,107,2015-04-17,-90.361,35.4077
Pectoral Sandpiper,108,2015-04-18,-90.6311,35.5098
Pectoral Sandpiper,109,2015-04-19,-90.9082,35.6215
Pectoral Sandpiper,110,2015-04-20,-91.1932,35.7447
Pectoral Sandpiper,111,2015-04-21,-91.4874,35.8809
Pectoral Sandpiper,112,2015-04-22,-91.7913,36.0315
Pectoral Sandpiper,113,2015-04-23,-92.1049,36.1973
Pectoral Sandpiper,114,2015-04-24,-92.4283,36.379
Pectoral Sandpiper,115,2015-04-25,-92.7614,36.5777
Pectoral Sandpiper,116,2015-04-26,-93.1045,36.794
Pectoral Sandpiper,117,2015-04-27,-93.4575,37.029
Pectoral Sandpiper,118,2015-04-28,-93.8208,37.2835
Pectoral Sandpiper,119,2015-04-29,-94.1945,37.5585
Pectoral Sandpiper,120,2015-04-30,-94.5788,37.855
Pectoral Sandpiper,121,2015-05-01,-94.9742,38.1739
Pectoral Sandpiper,122,2015-05-02,-95.3809,38.5163
Pectoral Sandpiper,123,2015-05-03,-95.7994,38.8831
Pectoral Sandpiper,124,2015-05-04,-96.2303,39.2756
Pectoral Sandpiper,125,2015-05-05,-96.6741,39.6947
Pectoral Sandpiper,126,2015-05-06,-97.1315,40.1416
Pectoral Sandpiper,127,2015-05-07,-97.6032,40.6174
Pectoral Sandpiper,128,2015-05-08,-98.0902,41.1232
Pectoral Sandpiper,129,2015-05-09,-98.5933,41.6603
Pectoral Sandpiper,130,2015-05-10,-99.1135,42.2288
Pectoral Sandpiper,131,2015-05-11,-99.6507,42.8273
Pectoral Sandpiper,132,2015-05-12,-100.2051,43.454
Pectoral Sandpiper,133,2015-05-13,-100.7767,44.1072
Pectoral Sandpiper,134,2015-05-14,-101.3654,44.7848
Pectoral Sandpiper,135,2015-05-15,-101.9709,45.4848
Pectoral Sandpiper,136,2015-05-16,-102.5932,46.2053
Pectoral Sandpiper,137,2015-05-17,-103.2317,46.9441
Pectoral Sandpiper,138,2015-05-18,-103.8861,47.6989
Pectoral Sandpiper,139,2015-05-19,-104.5557,48.4675
Pectoral Sandpiper,140,2015-05-20,-105.2396,49.2475
Pectoral Sandpiper,141,2015-05-21,-105.937,50.0365
Pectoral Sandpiper,142,2015-05-22,-106.6465,50.8321
Pectoral Sandpiper,143,2015-05-23,-107.3668,51.632
Pectoral Sandpiper,144,2015-05-24,-108.0961,52.4336
Pectoral Sandpiper,145,2015-05-25,-108.8325,53.2345
Pectoral Sandpiper,146,2015-05-26,-109.5736,54.0324
Pectoral Sandpiper,147,2015-05-27,-110.3168,54.8249
Pectoral Sandpiper,148,2015-05-28,-111.0593,55.6097
Pectoral Sandpiper,149,2015-05-29,-111.799,56.3839
Pectoral Sandpiper,150,2015-05-30,-112.5337,57.1445
Pectoral Sandpiper,151,2015-05-31,-113.2606,57.8886
Pectoral Sandpiper,152,2015-06-01,-113.9769,58.6137
Pectoral Sandpiper,153,2015-06-02,-114.679,59.3169
Pectoral Sandpiper,154,2015-06-03,-115.3632,59.9957
Pectoral Sandpiper,155,2015-06-04,-116.0251,60.6478
Pectoral Sandpiper,156,2015-06-05,-116.66,61.2709
Pectoral Sandpiper,157,2015-06-06,-117.2628,61.8626
Pectoral Sandpiper,158,2015-06-07,-117.8281,62.4209
Pectoral Sandpiper,159,2015-06-08,-118.3499,62.9438
Pectoral Sandpiper,160,2015-06-09,-118.8221,63.4294
Pectoral Sandpiper,161,2015-06-10,-119.2385,63.8756
Pectoral Sandpiper,162,2015-06-11,-119.5926,64.2806
Pectoral Sandpiper,163,2015-06-12,-119.8779,64.6424
Pectoral Sandpiper,164,2015-06-13,-120.0884,64.9591
Pectoral Sandpiper,165,2015-06-14,-120.2179,65.2285
Pectoral Sandpiper,166,2015-06-15,-120.2614,65.4487
Pectoral Sandpiper,167,2015-06-16,-120.2173,65.6198
Pectoral Sandpiper,168,2015-06-17,-120.0864,65.743
Pectoral Sandpiper,169,2015-06-18,-119.8703,65.8193
Pectoral Sandpiper,170,2015-06-19,-119.5716,65.8494
Pectoral Sandpiper,171,2015-06-20,-119.1937,65.834
Pectoral Sandpiper,172,2015-06-21,-118.7405,65.7734
Pectoral Sandpiper,173,2015-06-22,-118.2169,65.6682
Pectoral Sandpiper,174,2015-06-23,-117.628,65.5185
Pectoral Sandpiper,175,2015-06-24,-116.9798,65.3246
Pectoral Sandpiper,176,2015-06-25,-116.2784,65.0867
Pectoral Sandpiper,177,2015-06-26,-115.5302,64.8049
Pectoral Sandpiper,178,2015-06-27,-114.7417,64.4796
Pectoral Sandpiper,179,2015-06-28,-113.9195,64.1109
Pectoral Sandpiper,180,2015-06-29,-113.0701,63.6992
Pectoral Sandpiper,181,2015-06-30,-112.2,63.245
Pectoral Sandpiper,182,2015-07-01,-111.3151,62.7487
Pectoral Sandpiper,183,2015-07-02,-110.4213,62.2111
Pectoral Sandpiper,184,2015-07-03,-109.5239,61.633
Pectoral Sandpiper,185,2015-07-04,-108.6287,61.0166
Pectoral Sandpiper,186,2015-07-05,-107.7419,60.3651
Pectoral Sandpiper,187,2015-07-06,-106.8686,59.6822
Pectoral Sandpiper,188,2015-07-07,-106.0133,58.9718
Pectoral Sandpiper,189,2015-07-08,-105.1795,58.2377
Pectoral Sandpiper,190,2015-07-09,-104.3701,57.484
Pectoral Sandpiper,191,2015-07-10,-103.5875,56.7151
Pectoral Sandpiper,192,2015-07-11,-102.8332,55.935
Pectoral Sandpiper,193,2015-07-12,-102.1085,55.1483
Pectoral Sandpiper,194,2015-07-13,-101.4141,54.3593
Pectoral Sandpiper,195,2015-07-14,-100.7504,53.5724
Pectoral Sandpiper,196,2015-07-15,-100.1176,52.7918
Pectoral Sandpiper,197,2015-07-16,-99.5154,52.0219
Pectoral Sandpiper,198,2015-07-17,-98.9435,51.2669
Pectoral Sandpiper,199,2015-07-18,-98.4016,50.5309
Pectoral Sandpiper,200,2015-07-19,-97.8888,49.8179
Pectoral Sandpiper,201,2015-07-20,-97.4047,49.1318
Pectoral Sandpiper,202,2015-07-21,-96.9485,48.4763
Pectoral Sandpiper,203,2015-07-22,-96.5192,47.8539
Pectoral Sandpiper,204,2015-07-23,-96.1148,47.2643
Pectoral Sandpiper,205,2015-07-24,-95.7339,46.7068
Pectoral Sandpiper,206,2015-07-25,-95.375,46.1808
Pectoral Sandpiper,207,2015-07-26,-95.0367,45.6858
Pectoral Sandpiper,208,2015-07-27,-94.718,45.2209
Pectoral Sandpiper,209,2015-07-28,-94.4178,44.7856
Pectoral Sandpiper,210,2015-07-29,-94.1354,44.3791
Pectoral Sandpiper,211,2015-07-30,-93.8698,44.0009
Pectoral Sandpiper,212,2015-07-31,-93.6204,43.6501
Pectoral Sandpiper,213,2015-08-01,-93.3866,43.3262
Pectoral Sandpiper,214,2015-08-02,-93.1679,43.0285
Pectoral Sandpiper,215,2015-08-03,-92.9639,42.7564
Pectoral Sandpiper,216,2015-08-04,-92.7741,42.5092
Pectoral Sandpiper,217,2015-08-05,-92.5982,42.2862
Pectoral Sandpiper,218,2015-08-06,-92.4361,42.0871
Pectoral Sandpiper,219,2015-08-07,-92.2873,41.911
Pectoral Sandpiper,220,2015-08-08,-92.1519,41.7575
Pectoral Sandpiper,221,2015-08-09,-92.0295,41.6259
Pectoral Sandpiper,222,2015-08-10,-91.9195,41.5148
Pectoral Sandpiper,223,2015-08-11,-91.8212,41.4229
Pectoral Sandpiper,224,2015-08-12,-91.734,41.3487
Pectoral Sandpiper,225,2015-08-13,-91.6571,41.2908
Pectoral Sandpiper,226,2015-08-14,-91.59,41.2477
Pectoral Sandpiper,227,2015-08-15,-91.5322,41.2181
Pectoral Sandpiper,228,2015-08-16,-91.4831,41.2007
Pectoral Sandpiper,229,2015-08-17,-91.4422,41.1939
Pectoral Sandpiper,230,2015-08-18,-91.409,41.1965
Pectoral Sandpiper,231,2015-08-19,-91.3831,41.207
Pectoral Sandpiper,232,2015-08-20,-91.3639,41.2242
Pectoral Sandpiper,233,2015-08-21,-91.351,41.2465
Pectoral Sandpiper,234,2015-08-22,-91.3439,41.2726
Pectoral Sandpiper,235,2015-08-23,-91.3422,41.3011
Pectoral Sandpiper,236,2015-08-24,-91.3455,41.3306
Pectoral Sandpiper,237,2015-08-25,-91.3532,41.3598
Pectoral Sandpiper,238,2015-08-26,-91.3649,41.3872
Pectoral Sandpiper,239,2015-08-27,-91.3802,41.4116
Pectoral Sandpiper,240,2015-08-28,-91.3986,41.4325
Pectoral Sandpiper,241,2015-08-29,-91.4193,41.4503
Pectoral Sandpiper,242,2015-08-30,-91.442,41.4649
Pectoral Sandpiper,243,2015-08-31,-91.4659,41.4767
Pectoral Sandpiper,244,2015-09-01,-91.4906,41.4857
Pectoral Sandpiper,245,2015-09-02,-91.5155,41.4922
Pectoral Sandpiper,246,2015-09-03,-91.54,41.4963
Pectoral Sandpiper,247,2015-09-04,-91.5635,41.4982
Pectoral Sandpiper,248,2015-09-05,-91.5854,41.498
Pectoral Sandpiper,249,2015-09-06,-91.6052,41.496
Pectoral Sandpiper,250,2015-09-07,-91.6224,41.4923
Pectoral Sandpiper,251,2015-09-08,-91.6363,41.487
Pectoral Sandpiper,252,2015-09-09,-91.6463,41.4804
Pectoral Sandpiper,253,2015-09-10,-91.652,41.4726
Pectoral Sandpiper,254,2015-09-11,-91.6527,41.4638
Pectoral Sandpiper,255,2015-09-12,-91.6478,41.4542
Pectoral Sandpiper,256,2015-09-13,-91.6369,41.4439
Pectoral Sandpiper,257,2015-09-14,-91.6193,41.4331
Pectoral Sandpiper,258,2015-09-15,-91.5947,41.4219
Pectoral Sandpiper,259,2015-09-16,-91.5628,41.4099
Pectoral Sandpiper,260,2015-09-17,-91.5233,41.3972
Pectoral Sandpiper,261,2015-09-18,-91.476,41.3834
Pectoral Sandpiper,262,2015-09-19,-91.4207,41.3685
Pectoral Sandpiper,263,2015-09-20,-91.357,41.3523
Pectoral Sandpiper,264,2015-09-21,-91.2849,41.3346
Pectoral Sandpiper,265,2015-09-22,-91.204,41.3152
Pectoral Sandpiper,266,2015-09-23,-91.1142,41.2939
Pectoral Sandpiper,267,2015-09-24,-91.0151,41.2705
Pectoral Sandpiper,268,2015-09-25,-90.9066,41.245
Pectoral Sandpiper,269,2015-09-26,-90.7884,41.217
Pectoral Sandpiper,270,2015-09-27,-90.6604,41.1864
Pectoral Sandpiper,271,2015-09-28,-90.5222,41.1531
Pectoral Sandpiper,272,2015-09-29,-90.3739,41.1167
Pectoral Sandpiper,273,2015-09-30,-90.215,41.0771
Pectoral Sandpiper,274,2015-10-01,-90.0455,41.0341
Pectoral Sandpiper,275,2015-10-02,-89.8651,40.9875
Pectoral Sandpiper,276,2015-10-03,-89.6739,40.937
Pectoral Sandpiper,277,2015-10-04,-89.4722,40.882
Pectoral Sandpiper,278,2015-10-05,-89.2601,40.822
Pectoral Sandpiper,279,2015-10-06,-89.0382,40.7563
Pectoral Sandpiper,280,2015-10-07,-88.8067,40.6844
Pectoral Sandpiper,281,2015-10-08,-88.5658,40.6058
Pectoral Sandpiper,282,2015-10-09,-88.316,40.5197
Pectoral Sandpiper,283,2015-10-10,-88.0576,40.4257
Pectoral Sandpiper,284,2015-10-11,-87.7909,40.3231
Pectoral Sandpiper,285,2015-10-12,-87.5162,40.2114
Pectoral Sandpiper,286,2015-10-13,-87.2338,40.0899
Pectoral Sandpiper,287,2015-10-14,-86.9442,39.9581
Pectoral Sandpiper,288,2015-10-15,-86.6475,39.8152
Pectoral Sandpiper,289,2015-10-16,-86.3441,39.6607
Pectoral Sandpiper,290,2015-10-17,-86.0344,39.494
Pectoral Sandpiper,291,2015-10-18,-85.7187,39.3144
Pectoral Sandpiper,292,2015-10-19,-85.3972,39.1212
Pectoral Sandpiper,293,2015-10-20,-85.0703,38.9138
Pectoral Sandpiper,294,2015-10-21,-84.7383,38.6914
Pectoral Sandpiper,295,2015-10-22,-84.4014,38.4537
Pectoral Sandpiper,296,2015-10-23,-84.0596,38.2002
Pectoral Sandpiper,297,2015-10-24,-83.7133,37.9303
Pectoral Sandpiper,298,2015-10-25,-83.3624,37.6436
Pectoral Sandpiper,299,2015-10-26,-83.0071,37.3395
Pectoral Sandpiper,300,2015-10-27,-82.6477,37.0175
Pectoral Sandpiper,301,2015-10-28,-82.284,36.677
Pectoral Sandpiper,302,2015-10-29,-81.9164,36.3174
Pectoral Sandpiper,303,2015-10-30,-81.5449,35.9379
Pectoral Sandpiper,304,2015-10-31,-81.1695,35.5381
Pectoral Sandpiper,305,2015-11-01,-80.7905,35.1171
Pectoral Sandpiper,306,2015-11-02,-80.4077,34.6741
Pectoral Sandpiper,307,2015-11-03,-80.0214,34.2085
Pectoral Sandpiper,308,2015-11-04,-79.6316,33.7194
Pectoral Sandpiper,309,2015-11-05,-79.2383,33.2059
Pectoral Sandpiper,310,2015-11-06,-78.8417,32.6671
Pectoral Sandpiper,311,2015-11-07,-78.4416,32.1021
Pectoral Sandpiper,312,2015-11-08,-78.0383,31.51
Pectoral Sandpiper,313,2015-11-09,-77.6319,30.8906
Pectoral Sandpiper,314,2015-11-10,-77.2229,30.2441
Pectoral Sandpiper,315,2015-11-11,-76.8117,29.5708
Pectoral Sandpiper,316,2015-11-12,-76.3988,28.8709
Pectoral Sandpiper,317,2015-11-13,-75.9843,28.1448
Pectoral Sandpiper,318,2015-11-14,-75.5689,27.393
Pectoral Sandpiper,319,2015-11-15,-75.1528,26.6158
Pectoral Sandpiper,320,2015-11-16,-74.7365,25.8137
Pectoral Sandpiper,321,2015-11-17,-74.3202,24.9873
Pectoral Sandpiper,322,2015-11-18,-73.9044,24.1372
Pectoral Sandpiper,323,2015-11-19,-73.4895,23.2642
Pectoral Sandpiper,324,2015-11-20,-73.0757,22.369
Pectoral Sandpiper,325,2015-11-21,-72.6635,21.4525
Pectoral Sandpiper,326,2015-11-22,-72.2532,20.5156
Pectoral Sandpiper,327,2015-11-23,-71.8451,19.5594
Pectoral Sandpiper,328,2015-11-24,-71.4395,18.5849
Pectoral Sandpiper,329,2015-11-25,-71.0368,17.5934
Pectoral Sandpiper,330,2015-11-26,-70.6373,16.586
Pectoral Sandpiper,331,2015-11-27,-70.2414,15.5644
Pectoral Sandpiper,332,2015-11-28,-69.8496,14.5303
Pectoral Sandpiper,333,2015-11-29,-69.4623,13.4857
Pectoral Sandpiper,334,2015-11-30,-69.0799,12.4325
Pectoral Sandpiper,335,2015-12-01,-68.703,11.3727
Pectoral Sandpiper,336,2015-12-02,-68.3319,10.3085
Pectoral Sandpiper,337,2015-12-03,-67.9672,9.2421
Pectoral Sandpiper,338,2015-12-04,-67.6092,8.1755
Pectoral Sandpiper,339,2015-12-05,-67.2585,7.1111
Pectoral Sandpiper,340,2015-12-06,-66.9154,6.051
Pectoral Sandpiper,341,2015-12-07,-66.5803,4.9975
Pectoral Sandpiper,342,2015-12-08,-66.2538,3.9527
Pectoral Sandpiper,343,2015-12-09,-65.9363,2.9188
Pectoral Sandpiper,344,2015-12-10,-65.6281,1.8979
Pectoral Sandpiper,345,2015-12-11,-65.3297,0.8921
Pectoral Sandpiper,346,2015-12-12,-65.0416,-0.0967
Pectoral Sandpiper,347,2015-12-13,-64.7641,-1.0666
Pectoral Sandpiper,348,2015-12-14,-64.4976,-2.0156
Pectoral Sandpiper,349,2015-12-15,-64.2425,-2.9423
Pectoral Sandpiper,350,2015-12-16,-63.9988,-3.8455
Pectoral Sandpiper,351,2015-12-17,-63.7664,-4.724
Pectoral Sandpiper,352,2015-12-18,-63.5453,-5.5769
Pectoral Sandpiper,353,2015-12-19,-63.3356,-6.4033
Pectoral Sandpiper,354,2015-12-20,-63.1371,-7.2022
Pectoral Sandpiper,355,2015-12-21,-62.95,-7.9729
Pectoral Sandpiper,356,2015-12-22,-62.7742,-8.7147
Pectoral Sandpiper,357,2015-12-23,-62.6097,-9.4268
Pectoral Sandpiper,358,2015-12-24,-62.4565,-10.1087
Pectoral Sandpiper,359,2015-12-25,-62.3147,-10.7597
Pectoral Sandpiper,360,2015-12-26,-62.1842,-11.3794
Pectoral Sandpiper,361,2015-12-27,-62.0652,-11.9671
Pectoral Sandpiper,362,2015-12-28,-61.9575,-12.5224
Pectoral Sandpiper,363,2015-12-29,-61.8612,-13.0448
Pectoral Sandpiper,364,2015-12-30,-61.7764,-13.5339
Pectoral Sandpiper,365,2015-12-31,-61.7031,-13.9893
Semipalmated Sandpiper,1,2015-01-01,-67.2883,5.222
Semipalmated Sandpiper,2,2015-01-02,-67.157,5.1789
Semipalmated Sandpiper,3,2015-01-03,-67.0257,5.1355
Semipalmated Sandpiper,4,2015-01-04,-66.895,5.0917
Semipalmated Sandpiper,5,2015-01-05,-66.7655,5.0477
Semipalmated Sandpiper,6,2015-01-06,-66.6378,5.0035
Semipalmated Sandpiper,7,2015-01-07,-66.5125,4.9593
Semipalmated Sandpiper,8,2015-01-08,-66.39,4.915
Semipalmated Sandpiper,9,2015-01-09,-66.271,4.8709
Semipalmated Sandpiper,10,2015-01-10,-66.1561,4.8269
Semipalmated Sandpiper,11,2015-01-11,-66.0459,4.7831
Semipalmated Sandpiper,12,2015-01-12,-65.9408,4.7397
Semipalmated Sandpiper,13,2015-01-13,-65.8415,4.6966
Semipalmated Sandpiper,14,2015-01-14,-65.7486,4.6541
Semipalmated Sandpiper,15,2015-01-15,-65.6626,4.6121
Semipalmated Sandpiper,16,2015-01-16,-65.584,4.5708
Semipalmated Sandpiper,17,2015-01-17,-65.5135,4.5302
Semipalmated Sandpiper,18,2015-01-18,-65.4517,4.4904
Semipalmated Sandpiper,19,2015-01-19,-65.399,4.4515
Semipalmated Sandpiper,20,2015-01-20,-65.356,4.4136
Semipalmated Sandpiper,21,2015-01-21,-65.3227,4.377
Semipalmated Sandpiper,22,2015-01-22,-65.2991,4.3421
Semipalmated Sandpiper,23,2015-01-23,-65.2849,4.3093
Semipalmated Sandpiper,24,2015-01-24,-65.2799,4.2791
Semipalmated Sandpiper,25,2015-01-25,-65.2841,4.2518
Semipalmated Sandpiper,26,2015-01-26,-65.2972,4.2279
Semipalmated Sandpiper,27,2015-01-27,-65.319,4.2077
Semipalmated Sandpiper,28,2015-01-28,-65.3495,4.1917
Semipalmated Sandpiper,29,2015-01-29,-65.3884,4.1803
Semipalmated Sandpiper,30,2015-01-30,-65.4356,4.1739
Semipalmated Sandpiper,31,2015-01-31,-65.491,4.1729
Semipalmated Sandpiper,32,2015-02-01,-65.5543,4.1777
Semipalmated Sandpiper,33,2015-02-02,-65.6253,4.1887
Semipalmated Sandpiper,34,2015-02-03,-65.7041,4.2063
Semipalmated Sandpiper,35,2015-02-04,-65.7903,4.2309
Semipalmated Sandpiper,36,2015-02-05,-65.8838,4.263
Semipalmated Sandpiper,37,2015-02-06,-65.9844,4.3028
Semipalmated Sandpiper,38,2015-02-07,-66.0921,4.3509
Semipalmated Sandpiper,39,2015-02-08,-66.2065,4.4075
Semipalmated Sandpiper,40,2015-02-09,-66.3273,4.4728
Semipalmated Sandpiper,41,2015-02-10,-66.454,4.5469
Semipalmated Sandpiper,42,2015-02-11,-66.5864,4.6301
Semipalmated Sandpiper,43,2015-02-12,-66.724,4.7225
Semipalmated Sandpiper,44,2015-02-13,-66.8666,4.8243
Semipalmated Sandpiper,45,2015-02-14,-67.0136,4.9357
Semipalmated Sandpiper,46,2015-02-15,-67.1648,5.0569
Semipalmated Sandpiper,47,2015-02-16,-67.3199,5.1879
Semipalmated Sandpiper,48,2015-02-17,-67.4783,5.3291
Semipalmated Sandpiper,49,2015-02-18,-67.6398,5.4806
Semipalmated Sandpiper,50,2015-02-19,-67.8041,5.6425
Semipalmated Sandpiper,51,2015-02-20,-67.9707,5.815
Semipalmated Sandpiper,52,2015-02-21,-68.1392,5.9984
Semipalmated Sandpiper,53,2015-02-22,-68.3095,6.1927
Semipalmated Sandpiper,54,2015-02-23,-68.481,6.3982
Semipalmated Sandpiper,55,2015-02-24,-68.6534,6.6151
Semipalmated Sandpiper,56,2015-02-25,-68.8264,6.8434
Semipalmated Sandpiper,57,2015-02-26,-68.9998,7.0833
Semipalmated Sandpiper,58,2015-02-27,-69.1737,7.3346
Semipalmated Sandpiper,59,2015-02-28,-69.3483,7.597
Semipalmated Sandpiper,60,2015-03-01,-69.5238,7.8703
Semipalmated Sandpiper,61,2015-03-02,-69.7003,8.1543
Semipalmated Sandpiper,62,2015-03-03,-69.878,8.4487
Semipalmated Sandpiper,63,2015-03-04,-70.057,8.7534
Semipalmated Sandpiper,64,2015-03-05,-70.2377,9.068
Semipalmated Sandpiper,65,2015-03-06,-70.42,9.3924
Semipalmated Sandpiper,66,2015-03-07,-70.6043,9.7264
Semipalmated Sandpiper,67,2015-03-08,-70.7907,10.0697
Semipalmated Sandpiper,68,2015-03-09,-70.9794,10.4221
Semipalmated Sandpiper,69,2015-03-10,-71.1706,10.7834
Semipalmated Sandpiper,70,2015-03-11,-71.3644,11.1533
Semipalmated Sandpiper,71,2015-03-12,-71.5612,11.5317
Semipalmated Sandpiper,72,2015-03-13,-71.761,11.9183
Semipalmated Sandpiper,73,2015-03-14,-71.964,12.3129
Semipalmated Sandpiper,74,2015-03-15,-72.1706,12.7153
Semipalmated Sandpiper,75,2015-03-16,-72.3808,13.1252
Semipalmated Sandpiper,76,2015-03-17,-72.5949,13.5422
Semipalmated Sandpiper,77,2015-03-18,-72.813,13.9659
Semipalmated Sandpiper,78,2015-03-19,-73.0352,14.3958
Semipalmated Sandpiper,79,2015-03-20,-73.2617,14.8315
Semipalmated Sandpiper,80,2015-03-21,-73.4926,15.2725
Semipalmated Sandpiper,81,2015-03-22,-73.7282,15.7185
Semipalmated Sandpiper,82,2015-03-23,-73.9686,16.1689
Semipalmated Sandpiper,83,2015-03-24,-74.214,16.6234
Semipalmated Sandpiper,84,2015-03-25,-74.4645,17.0816
Semipalmated Sandpiper,85,2015-03-26,-74.7203,17.5429
Semipalmated Sandpiper,86,2015-03-27,-74.9816,18.0071
Semipalmated Sandpiper,87,2015-03-28,-75.2486,18.4736
Semipalmated Sandpiper,88,2015-03-29,-75.5216,18.9421
Semipalmated Sandpiper,89,2015-03-30,-75.8006,19.4122
Semipalmated Sandpiper,90,2015-03-31,-76.0859,19.8834
Semipalmated Sandpiper,91,2015-04-01,-76.3778,20.3554
Semipalmated Sandpiper,92,2015-04-02,-76.6764,20.8277
Semipalmated Sandpiper,93,2015-04-03,-76.9819,21.3001
Semipalmated Sandpiper,94,2015-04-04,-77.294,21.7721
Semipalmated Sandpiper,95,2015-04-05,-77.6124,22.2435
Semipalmated Sandpiper,96,2015-04-06,-77.9366,22.7141
Semipalmated Sandpiper,97,2015-04-07,-78.2661,23.1836
Semipalmated Sandpiper,98,2015-04-08,-78.6005,23.6517
Semipalmated Sandpiper,99,2015-04-09,-78.9393,24.1183
Semipalmated Sandpiper,100,2015-04-10,-79.2821,24.5832
Semipalmated Sandpiper,101,2015-04-11,-79.6285,25.046
Semipalmated Sandpiper,102,2015-04-12,-79.978,25.5068
Semipalmated Sandpiper,103,2015-04-13,-80.3301,25.9653
Semipalmated Sandpiper,104,2015-04-14,-80.6844,26.4212
Semipalmated Sandpiper,105,2015-04-15,-81.0405,26.8746
Semipalmated Sandpiper,106,2015-04-16,-81.3979,27.3253
Semipalmated Sandpiper,107,2015-04-17,-81.7562,27.7731
Semipalmated Sandpiper,108,2015-04-18,-82.1149,28.218
Semipalmated Sandpiper,109,2015-04-19,-82.4736,28.6599
Semipalmated Sandpiper,110,2015-04-20,-82.8318,29.0987
Semipalmated Sandpiper,111,2015-04-21,-83.1891,29.5344
Semipalmated Sandpiper,112,2015-04-22,-83.5451,29.9673
Semipalmated Sandpiper,113,2015-04-23,-83.8999,30.398
Semipalmated Sandpiper,114,2015-04-24,-84.2532,30.8274
Semipalmated Sandpiper,115,2015-04-25,-84.605,31.256
Semipalmated Sandpiper,116,2015-04-26,-84.9551,31.6845
Semipalmated Sandpiper,117,2015-04-27,-85.3036,32.1137
Semipalmated Sandpiper,118,2015-04-28,-85.6502,32.5442
Semipalmated Sandpiper,119,2015-04-29,-85.995,32.9769
Semipalmated Sandpiper,120,2015-04-30,-86.3379,33.4123
Semipalmated Sandpiper,121,2015-05-01,-86.6788,33.8513
Semipalmated Sandpiper,122,2015-05-02,-87.0177,34.2946
Semipalmated Sandpiper,123,2015-05-03,-87.3546,34.7429
Semipalmated Sandpiper,124,2015-05-04,-87.6893,35.1971
Semipalmated Sandpiper,125,2015-05-05,-88.0218,35.6578
Semipalmated Sandpiper,126,2015-05-06,-88.3523,36.1259
Semipalmated Sandpiper,127,2015-05-07,-88.6805,36.6022
Semipalmated Sandpiper,128,2015-05-08,-89.0066,37.0874
Semipalmated Sandpiper,129,2015-05-09,-89.3304,37.5825
Semipalmated Sandpiper,130,2015-05-10,-89.6523,38.0881
Semipalmated Sandpiper,131,2015-05-11,-89.9725,38.6045
Semipalmated Sandpiper,132,2015-05-12,-90.2917,39.1319
Semipalmated Sandpiper,133,2015-05-13,-90.6102,39.6708
Semipalmated Sandpiper,134,2015-05-14,-90.9287,40.2212
Semipalmated Sandpiper,135,2015-05-15,-91.2475,40.7835
Semipalmated Sandpiper,136,2015-05-16,-91.5673,41.3579
Semipalmated Sandpiper,137,2015-05-17,-91.8887,41.9445
Semipalmated Sandpiper,138,2015-05-18,-92.212,42.5435
Semipalmated Sandpiper,139,2015-05-19,-92.538,43.1552
Semipalmated Sandpiper,140,2015-05-20,-92.8673,43.7795
Semipalmated Sandpiper,141,2015-05-21,-93.2005,44.4166
Semipalmated Sandpiper,142,2015-05-22,-93.5382,45.0666
Semipalmated Sandpiper,143,2015-05-23,-93.8812,45.7294
Semipalmated Sandpiper,144,2015-05-24,-94.2302,46.4051
Semipalmated Sandpiper,145,2015-05-25,-94.586,47.0936
Semipalmated Sandpiper,146,2015-05-26,-94.9493,47.7949
Semipalmated Sandpiper,147,2015-05-27,-95.3211,48.5087
Semipalmated Sandpiper,148,2015-05-28,-95.7021,49.2344
Semipalmated Sandpiper,149,2015-05-29,-96.0922,49.9692
Semipalmated Sandpiper,150,2015-05-30,-96.4908,50.7097
Semipalmated Sandpiper,151,2015-05-31,-96.8973,51.4526
Semipalmated Sandpiper,152,2015-06-01,-97.311,52.1944
Semipalmated Sandpiper,153,2015-06-02,-97.7308,52.9316
Semipalmated Sandpiper,154,2015-06-03,-98.1556,53.6608
Semipalmated Sandpiper,155,2015-06-04,-98.5838,54.3783
Semipalmated Sandpiper,156,2015-06-05,-99.0138,55.0809
Semipalmated Sandpiper,157,2015-06-06,-99.4435,55.7649
Semipalmated Sandpiper,158,2015-06-07,-99.8707,56.427
Semipalmated Sandpiper,159,2015-06-08,-100.2927,57.0639
Semipalmated Sandpiper,160,2015-06-09,-100.7067,57.6722
Semipalmated Sandpiper,161,2015-06-10,-101.1094,58.2487
Semipalmated Sandpiper,162,2015-06-11,-101.4973,58.7903
Semipalmated Sandpiper,163,2015-06-12,-101.8666,59.2937
Semipalmated Sandpiper,164,2015-06-13,-102.2131,59.7562
Semipalmated Sandpiper,165,2015-06-14,-102.5328,60.1745
Semipalmated Sandpiper,166,2015-06-15,-102.8212,60.5461
Semipalmated Sandpiper,167,2015-06-16,-103.0755,60.8706
Semipalmated Sandpiper,168,2015-06-17,-103.2934,61.1489
Semipalmated Sandpiper,169,2015-06-18,-103.4732,61.3818
Semipalmated Sandpiper,170,2015-06-19,-103.6133,61.5701
Semipalmated Sandpiper,171,2015-06-20,-103.7122,61.7146
Semipalmated Sandpiper,172,2015-06-21,-103.7692,61.8161
Semipalmated Sandpiper,173,2015-06-22,-103.7834,61.8752
Semipalmated Sandpiper,174,2015-06-23,-103.7547,61.8926
Semipalmated Sandpiper,175,2015-06-24,-103.6831,61.8687
Semipalmated Sandpiper,176,2015-06-25,-103.5689,61.8043
Semipalmated Sandpiper,177,2015-06-26,-103.4128,61.6996
Semipalmated Sandpiper,178,2015-06-27,-103.2157,61.5551
Semipalmated Sandpiper,179,2015-06-28,-102.9789,61.3713
Semipalmated Sandpiper,180,2015-06-29,-102.7039,61.1483
Semipalmated Sandpiper,181,2015-06-30,-102.3923,60.8866
Semipalmated Sandpiper,182,2015-07-01,-102.0461,60.5863
Semipalmated Sandpiper,183,2015-07-02,-101.6673,60.2478
Semipalmated Sandpiper,184,2015-07-03,-101.2582,59.8713
Semipalmated Sandpiper,185,2015-07-04,-100.8222,59.4584
Semipalmated Sandpiper,186,2015-07-05,-100.3642,59.0122
Semipalmated Sandpiper,187,2015-07-06,-99.8888,58.5356
Semipalmated Sandpiper,188,2015-07-07,-99.4003,58.0319
Semipalmated Sandpiper,189,2015-07-08,-98.9025,57.5043
Semipalmated Sandpiper,190,2015-07-09,-98.3991,56.9562
Semipalmated Sandpiper,191,2015-07-10,-97.8934,56.391
Semipalmated Sandpiper,192,2015-07-11,-97.3881,55.8122
Semipalmated Sandpiper,193,2015-07-12,-96.8859,55.2233
Semipalmated Sandpiper,194,2015-07-13,-96.389,54.6279
Semipalmated Sandpiper,195,2015-07-14,-95.8993,54.0298
Semipalmated Sandpiper,196,2015-07-15,-95.4184,53.4324
Semipalmated Sandpiper,197,2015-07-16,-94.9478,52.8396
Semipalmated Sandpiper,198,2015-07-17,-94.4886,52.255
Semipalmated Sandpiper,199,2015-07-18,-94.0416,51.6822
Semipalmated Sandpiper,200,2015-07-19,-93.6077,51.1249
Semipalmated Sandpiper,201,2015-07-20,-93.1875,50.5867
Semipalmated Sandpiper,202,2015-07-21,-92.7815,50.0712
Semipalmated Sandpiper,203,2015-07-22,-92.3894,49.5804
Semipalmated Sandpiper,204,2015-07-23,-92.0099,49.1138
Semipalmated Sandpiper,205,2015-07-24,-91.6418,48.6705
Semipalmated Sandpiper,206,2015-07-25,-91.2839,48.2496
Semipalmated Sandpiper,207,2015-07-26,-90.9352,47.8501
Semipalmated Sandpiper,208,2015-07-27,-90.5946,47.471
Semipalmated Sandpiper,209,2015-07-28,-90.2612,47.1114
Semipalmated Sandpiper,210,2015-07-29,-89.9343,46.7703
Semipalmated Sandpiper,211,2015-07-30,-89.6129,46.4467
Semipalmated Sandpiper,212,2015-07-31,-89.2964,46.1395
Semipalmated Sandpiper,213,2015-08-01,-88.9841,45.8479
Semipalmated Sandpiper,214,2015-08-02,-88.6754,45.5707
Semipalmated Sandpiper,215,2015-08-03,-88.3696,45.3071
Semipalmated Sandpiper,216,2015-08-04,-88.0663,45.056
Semipalmated Sandpiper,217,2015-08-05,-87.7648,44.8164
Semipalmated Sandpiper,218,2015-08-06,-87.4648,44.5873
Semipalmated Sandpiper,219,2015-08-07,-87.1658,44.3678
Semipalmated Sandpiper,220,2015-08-08,-86.8673,44.1569
Semipalmated Sandpiper,221,2015-08-09,-86.5691,43.9536
Semipalmated Sandpiper,222,2015-08-10,-86.2708,43.7573
Semipalmated Sandpiper,223,2015-08-11,-85.9724,43.5673
Semipalmated Sandpiper,224,2015-08-12,-85.6737,43.3831
Semipalmated Sandpiper,225,2015-08-13,-85.3747,43.2039
Semipalmated Sandpiper,226,2015-08-14,-85.0753,43.0292
Semipalmated Sandpiper,227,2015-08-15,-84.7753,42.8584
Semipalmated Sandpiper,228,2015-08-16,-84.4748,42.6909
Semipalmated Sandpiper,229,2015-08-17,-84.1737,42.526
Semipalmated Sandpiper,230,2015-08-18,-83.8719,42.3632
Semipalmated Sandpiper,231,2015-08-19,-83.5695,42.2019
Semipalmated Sandpiper,232,2015-08-20,-83.2664,42.0414
Semipalmated Sandpiper,233,2015-08-21,-82.9626,41.8814
Semipalmated Sandpiper,234,2015-08-22,-82.6583,41.721
Semipalmated Sandpiper,235,2015-08-23,-82.3533,41.5599
Semipalmated Sandpiper,236,2015-08-24,-82.0478,41.3973
Semipalmated Sandpiper,237,2015-08-25,-81.7419,41.2328
Semipalmated Sandpiper,238,2015-08-26,-81.4355,41.0658
Semipalmated Sandpiper,239,2015-08-27,-81.1288,40.8958
Semipalmated Sandpiper,240,2015-08-28,-80.8222,40.7226
Semipalmated Sandpiper,241,2015-08-29,-80.5162,40.5463
Semipalmated Sandpiper,242,2015-08-30,-80.2112,40.3669
Semipalmated Sandpiper,243,2015-08-31,-79.9076,40.1844
Semipalmated Sandpiper,244,2015-09-01,-79.606,39.999
Semipalmated Sandpiper,245,2015-09-02,-79.3067,39.8107
Semipalmated Sandpiper,246,2015-09-03,-79.0102,39.6196
Semipalmated Sandpiper,247,2015-09-04,-78.717,39.4256
Semipalmated Sandpiper,248,2015-09-05,-78.4273,39.2289
Semipalmated Sandpiper,249,2015-09-06,-78.1417,39.0296
Semipalmated Sandpiper,250,2015-09-07,-77.8605,38.8276
Semipalmated Sandpiper,251,2015-09-08,-77.584,38.6232
Semipalmated Sandpiper,252,2015-09-09,-77.3128,38.4163
Semipalmated Sandpiper,253,2015-09-10,-77.047,38.207
Semipalmated Sandpiper,254,2015-09-11,-76.7872,37.9954
Semipalmated Sandpiper,255,2015-09-12,-76.5335,37.7816
Semipalmated Sandpiper,256,2015-09-13,-76.2864,37.5656
Semipalmated Sandpiper,257,2015-09-14,-76.0463,37.3475
Semipalmated Sandpiper,258,2015-09-15,-75.813,37.1272
Semipalmated Sandpiper,259,2015-09-16,-75.5865,36.9044
Semipalmated Sandpiper,260,2015-09-17,-75.3666,36.6788
Semipalmated Sandpiper,261,2015-09-18,-75.1531,36.4501
Semipalmated Sandpiper,262,2015-09-19,-74.9457,36.218
Semipalmated Sandpiper,263,2015-09-20,-74.7444,35.9822
Semipalmated Sandpiper,264,2015-09-21,-74.5489,35.7424
Semipalmated Sandpiper,265,2015-09-22,-74.359,35.4981
Semipalmated Sandpiper,266,2015-09-23,-74.1746,35.2492
Semipalmated Sandpiper,267,2015-09-24,-73.9955,34.9952
Semipalmated Sandpiper,268,2015-09-25,-73.8216,34.7359
Semipalmated Sandpiper,269,2015-09-26,-73.6527,34.4708
Semipalmated Sandpiper,270,2015-09-27,-73.4886,34.1997
Semipalmated Sandpiper,271,2015-09-28,-73.3291,33.9222
Semipalmated Sandpiper,272,2015-09-29,-73.1742,33.6378
Semipalmated Sandpiper,273,2015-09-30,-73.0237,33.3463
Semipalmated Sandpiper,274,2015-10-01,-72.8775,33.0473
Semipalmated Sandpiper,275,2015-10-02,-72.7353,32.7404
Semipalmated Sandpiper,276,2015-10-03,-72.5972,32.4253
Semipalmated Sandpiper,277,2015-10-04,-72.463,32.102
Semipalmated Sandpiper,278,2015-10-05,-72.333,31.7704
Semipalmated Sandpiper,279,2015-10-06,-72.2071,31.4305
Semipalmated Sandpiper,280,2015-10-07,-72.0853,31.0823
Semipalmated Sandpiper,281,2015-10-08,-71.9677,30.7258
Semipalmated Sandpiper,282,2015-10-09,-71.8544,30.3608
Semipalmated Sandpiper,283,2015-10-10,-71.7453,29.9875
Semipalmated Sandpiper,284,2015-10-11,-71.6405,29.6057
Semipalmated Sandpiper,285,2015-10-12,-71.5401,29.2155
Semipalmated Sandpiper,286,2015-10-13,-71.444,28.8168
Semipalmated Sandpiper,287,2015-10-14,-71.3524,28.4096
Semipalmated Sandpiper,288,2015-10-15,-71.2652,27.9939
Semipalmated Sandpiper,289,2015-10-16,-71.1825,27.5698
Semipalmated Sandpiper,290,2015-10-17,-71.1044,27.1371
Semipalmated Sandpiper,291,2015-10-18,-71.0308,26.6959
Semipalmated Sandpiper,292,2015-10-19,-70.9619,26.2462
Semipalmated Sandpiper,293,2015-10-20,-70.8976,25.788
Semipalmated Sandpiper,294,2015-10-21,-70.838,25.3214
Semipalmated Sandpiper,295,2015-10-22,-70.7828,24.8472
Semipalmated Sandpiper,296,2015-10-23,-70.7319,24.3661
Semipalmated Sandpiper,297,2015-10-24,-70.6852,23.8789
Semipalmated Sandpiper,298,2015-10-25,-70.6423,23.3865
Semipalmated Sandpiper,299,2015-10-26,-70.6031,22.8896
Semipalmated Sandpiper,300,2015-10-27,-70.5674,22.3891
Semipalmated Sandpiper,301,2015-10-28,-70.535,21.8859
Semipalmated Sandpiper,302,2015-10-29,-70.5058,21.3808
Semipalmated Sandpiper,303,2015-10-30,-70.4795,20.8747
Semipalmated Sandpiper,304,2015-10-31,-70.4559,20.3684
Semipalmated Sandpiper,305,2015-11-01,-70.435,19.8629
Semipalmated Sandpiper,306,2015-11-02,-70.4164,19.3589
Semipalmated Sandpiper,307,2015-11-03,-70.4,18.8575
Semipalmated Sandpiper,308,2015-11-04,-70.3856,18.3595
Semipalmated Sandpiper,309,2015-11-05,-70.3731,17.8657
Semipalmated Sandpiper,310,2015-11-06,-70.3623,17.3772
Semipalmated Sandpiper,311,2015-11-07,-70.353,16.8946
Semipalmated Sandpiper,312,2015-11-08,-70.345,16.419
Semipalmated Sandpiper,313,2015-11-09,-70.3382,15.9508
Semipalmated Sandpiper,314,2015-11-10,-70.3323,15.4905
Semipalmated Sandpiper,315,2015-11-11,-70.3272,15.0385
Semipalmated Sandpiper,316,2015-11-12,-70.3225,14.5951
Semipalmated Sandpiper,317,2015-11-13,-70.3182,14.1607
Semipalmated Sandpiper,318,2015-11-14,-70.314,13.7357
Semipalmated Sandpiper,319,2015-11-15,-70.3096,13.3204
Semipalmated Sandpiper,320,2015-11-16,-70.305,12.9153
Semipalmated Sandpiper,321,2015-11-17,-70.2999,12.5206
Semipalmated Sandpiper,322,2015-11-18,-70.2942,12.1368
Semipalmated Sandpiper,323,2015-11-19,-70.2875,11.7641
Semipalmated Sandpiper,324,2015-11-20,-70.2797,11.403
Semipalmated Sandpiper,325,2015-11-21,-70.2707,11.0538
Semipalmated Sandpiper,326,2015-11-22,-70.2602,10.7168
Semipalmated Sandpiper,327,2015-11-23,-70.2481,10.3923
Semipalmated Sandpiper,328,2015-11-24,-70.234,10.0807
Semipalmated Sandpiper,329,2015-11-25,-70.218,9.7823
Semipalmated Sandpiper,330,2015-11-26,-70.1996,9.4974
Semipalmated Sandpiper,331,2015-11-27,-70.1789,9.2261
Semipalmated Sandpiper,332,2015-11-28,-70.1557,8.9678
Semipalmated Sandpiper,333,2015-11-29,-70.1297,8.7222
Semipalmated Sandpiper,334,2015-11-30,-70.101,8.4889
Semipalmated Sandpiper,335,2015-12-01,-70.0694,8.2675
Semipalmated Sandpiper,336,2015-12-02,-70.0347,8.0577
Semipalmated Sandpiper,337,2015-12-03,-69.9969,7.859
Semipalmated Sandpiper,338,2015-12-04,-69.9557,7.671
Semipalmated Sandpiper,339,2015-12-05,-69.9111,7.4934
Semipalmated Sandpiper,340,2015-12-06,-69.863,7.3258
Semipalmated Sandpiper,341,2015-12-07,-69.8111,7.1677
Semipalmated Sandpiper,342,2015-12-08,-69.7555,7.0189
Semipalmated Sandpiper,343,2015-12-09,-69.6958,6.8789
Semipalmated Sandpiper,344,2015-12-10,-69.6321,6.7474
Semipalmated Sandpiper,345,2015-12-11,-69.5642,6.624
Semipalmated Sandpiper,346,2015-12-12,-69.4919,6.5083
Semipalmated Sandpiper,347,2015-12-13,-69.4151,6.4
Semipalmated Sandpiper,348,2015-12-14,-69.3337,6.2986
Semipalmated Sandpiper,349,2015-12-15,-69.2476,6.2038
Semipalmated Sandpiper,350,2015-12-16,-69.1572,6.1153
Semipalmated Sandpiper,351,2015-12-17,-69.0624,6.0326
Semipalmated Sandpiper,352,2015-12-18,-68.9637,5.9552
Semipalmated Sandpiper,353,2015-12-19,-68.8612,5.883
Semipalmated Sandpiper,354,2015-12-20,-68.7552,5.8153
Semipalmated Sandpiper,355,2015-12-21,-68.6458,5.7519
Semipalmated Sandpiper,356,2015-12-22,-68.5333,5.6923
Semipalmated Sandpiper,357,2015-12-23,-68.418,5.6362
Semipalmated Sandpiper,358,2015-12-24,-68.3,5.5832
Semipalmated Sandpiper,359,2015-12-25,-68.1795,5.5328
Semipalmated Sandpiper,360,2015-12-26,-68.0569,5.4847
Semipalmated Sandpiper,361,2015-12-27,-67.9323,5.4385
Semipalmated Sandpiper,362,2015-12-28,-67.806,5.3938
Semipalmated Sandpiper,363,2015-12-29,-67.6782,5.3502
Semipalmated Sandpiper,364,2015-12-30,-67.5492,5.3073
Semipalmated Sandpiper,365,2015-12-31,-67.4191,5.2647
Solitary Sandpiper,1,2015-01-01,-69.3971,8.5438
Solitary Sandpiper,2,2015-01-02,-69.3826,8.586
Solitary Sandpiper,3,2015-01-03,-69.3653,8.623
Solitary Sandpiper,4,2015-01-04,-69.3452,8.6549
Solitary Sandpiper,5,2015-01-05,-69.3227,8.6819
Solitary Sandpiper,6,2015-01-06,-69.2978,8.7042
Solitary Sandpiper,7,2015-01-07,-69.271,8.7217
Solitary Sandpiper,8,2015-01-08,-69.2423,8.7348
Solitary Sandpiper,9,2015-01-09,-69.2121,8.7434
Solitary Sandpiper,10,2015-01-10,-69.1804,8.7477
Solitary Sandpiper,11,2015-01-11,-69.1477,8.7478
Solitary Sandpiper,12,2015-01-12,-69.114,8.7439
Solitary Sandpiper,13,2015-01-13,-69.0796,8.7361
Solitary Sandpiper,14,2015-01-14,-69.0447,8.7244
Solitary Sandpiper,15,2015-01-15,-69.0096,8.7091
Solitary Sandpiper,16,2015-01-16,-68.9744,8.6902
Solitary Sandpiper,17,2015-01-17,-68.9395,8.6678
Solitary Sandpiper,18,2015-01-18,-68.9049,8.6421
Solitary Sandpiper,19,2015-01-19,-68.871,8.6132
Solitary Sandpiper,20,2015-01-20,-68.8379,8.5812
Solitary Sandpiper,21,2015-01-21,-68.8059,8.5465
Solitary Sandpiper,22,2015-01-22,-68.7751,8.5097
Solitary Sandpiper,23,2015-01-23,-68.7456,8.4711
Solitary Sandpiper,24,2015-01-24,-68.7177,8.4314
Solitary Sandpiper,25,2015-01-25,-68.6915,8.391
Solitary Sandpiper,26,2015-01-26,-68.6672,8.3505
Solitary Sandpiper,27,2015-01-27,-68.6449,8.3103
Solitary Sandpiper,28,2015-01-28,-68.6248,8.2709
Solitary Sandpiper,29,2015-01-29,-68.6071,8.2329
Solitary Sandpiper,30,2015-01-30,-68.5919,8.1967
Solitary Sandpiper,31,2015-01-31,-68.5794,8.163
Solitary Sandpiper,32,2015-02-01,-68.5699,8.1321
Solitary Sandpiper,33,2015-02-02,-68.5634,8.1046
Solitary Sandpiper,34,2015-02-03,-68.5601,8.081
Solitary Sandpiper,35,2015-02-04,-68.5602,8.0618
Solitary Sandpiper,36,2015-02-05,-68.5638,8.0475
Solitary Sandpiper,37,2015-02-06,-68.5712,8.0387
Solitary Sandpiper,38,2015-02-07,-68.5825,8.0358
Solitary Sandpiper,39,2015-02-08,-68.5978,8.0392
Solitary Sandpiper,40,2015-02-09,-68.6171,8.0493
Solitary Sandpiper,41,2015-02-10,-68.6406,8.0664
Solitary Sandpiper,42,2015-02-11,-68.6682,8.0909
Solitary Sandpiper,43,2015-02-12,-68.7,8.1229
Solitary Sandpiper,44,2015-02-13,-68.7361,8.1628
Solitary Sandpiper,45,2015-02-14,-68.7765,8.2111
Solitary Sandpiper,46,2015-02-15,-68.8212,8.2678
Solitary Sandpiper,47,2015-02-16,-68.8704,8.3334
Solitary Sandpiper,48,2015-02-17,-68.924,8.4082
Solitary Sandpiper,49,2015-02-18,-68.9821,8.4925
Solitary Sandpiper,50,2015-02-19,-69.0448,8.5865
Solitary Sandpiper,51,2015-02-20,-69.1121,8.6906
Solitary Sandpiper,52,2015-02-21,-69.1841,8.8051
Solitary Sandpiper,53,2015-02-22,-69.2607,8.9303
Solitary Sandpiper,54,2015-02-23,-69.3422,9.0665
Solitary Sandpiper,55,2015-02-24,-69.4285,9.214
Solitary Sandpiper,56,2015-02-25,-69.5197,9.373
Solitary Sandpiper,57,2015-02-26,-69.6158,9.5437
Solitary Sandpiper,58,2015-02-27,-69.7169,9.7261
Solitary Sandpiper,59,2015-02-28,-69.8231,9.9202
Solitary Sandpiper,60,2015-03-01,-69.9344,10.1257
Solitary Sandpiper,61,2015-03-02,-70.0509,10.3426
Solitary Sandpiper,62,2015-03-03,-70.1727,10.5709
Solitary Sandpiper,63,2015-03-04,-70.2997,10.8104
Solitary Sandpiper,64,2015-03-05,-70.4322,11.0611
Solitary Sandpiper,65,2015-03-06,-70.5702,11.3228
Solitary Sandpiper,66,2015-03-07,-70.7137,11.5955
Solitary Sandpiper,67,2015-03-08,-70.8629,11.8791
Solitary Sandpiper,68,2015-03-09,-71.0177,12.1735
Solitary Sandpiper,69,2015-03-10,-71.1784,12.4786
Solitary Sandpiper,70,2015-03-11,-71.3449,12.7942
Solitary Sandpiper,71,2015-03-12,-71.5175,13.1204
Solitary Sandpiper,72,2015-03-13,-71.6961,13.457
Solitary Sandpiper,73,2015-03-14,-71.8809,13.8039
Solitary Sandpiper,74,2015-03-15,-72.0719,14.161
Solitary Sandpiper,75,2015-03-16,-72.2693,14.5282
Solitary Sandpiper,76,2015-03-17,-72.4732,14.905
Solitary Sandpiper,77,2015-03-18,-72.6834,15.291
Solitary Sandpiper,78,2015-03-19,-72.9,15.6858
Solitary Sandpiper,79,2015-03-20,-73.1231,16.0889
Solitary Sandpiper,80,2015-03-21,-73.3526,16.4999
Solitary Sandpiper,81,2015-03-22,-73.5886,16.9184
Solitary Sandpiper,82,2015-03-23,-73.8312,17.3438
Solitary Sandpiper,83,2015-03-24,-74.0803,17.7759
Solitary Sandpiper,84,2015-03-25,-74.336,18.2141
Solitary Sandpiper,85,2015-03-26,-74.5984,18.658
Solitary Sandpiper,86,2015-03-27,-74.8675,19.1073
Solitary Sandpiper,87,2015-03-28,-75.1433,19.5614
Solitary Sandpiper,88,2015-03-29,-75.4259,20.0201
Solitary Sandpiper,89,2015-03-30,-75.7155,20.4828
Solitary Sandpiper,90,2015-03-31,-76.012,20.9492
Solitary Sandpiper,91,2015-04-01,-76.3156,21.4189
Solitary Sandpiper,92,2015-04-02,-76.6262,21.8915
Solitary Sandpiper,93,2015-04-03,-76.9441,22.3666
Solitary Sandpiper,94,2015-04-04,-77.2691,22.8442
Solitary Sandpiper,95,2015-04-05,-77.6008,23.3243
Solitary Sandpiper,96,2015-04-06,-77.9391,23.8071
Solitary Sandpiper,97,2015-04-07,-78.2838,24.2927
Solitary Sandpiper,98,2015-04-08,-78.6347,24.7813
Solitary Sandpiper,99,2015-04-09,-78.9916,25.273
Solitary Sandpiper,100,2015-04-10,-79.3545,25.768
Solitary Sandpiper,101,2015-04-11,-79.7231,26.2667
Solitary Sandpiper,102,2015-04-12,-80.0975,26.7692
Solitary Sandpiper,103,2015-04-13,-80.4776,27.2758
Solitary Sandpiper,104,2015-04-14,-80.8634,27.7868
Solitary Sandpiper,105,2015-04-15,-81.2548,28.3027
Solitary Sandpiper,106,2015-04-16,-81.652,28.8237
Solitary Sandpiper,107,2015-04-17,-82.055,29.3503
Solitary Sandpiper,108,2015-04-18,-82.4639,29.8829
Solitary Sandpiper,109,2015-04-19,-82.8789,30.422
Solitary Sandpiper,110,2015-04-20,-83.3002,30.968
Solitary Sandpiper,111,2015-04-21,-83.728,31.5215
Solitary Sandpiper,112,2015-04-22,-84.1625,32.0827
Solitary Sandpiper,113,2015-04-23,-84.6037,32.6518
Solitary Sandpiper,114,2015-04-24,-85.0518,33.229
Solitary Sandpiper,115,2015-04-25,-85.5069,33.8142
Solitary Sandpiper,116,2015-04-26,-85.969,34.4076
Solitary Sandpiper,117,2015-04-27,-86.4383,35.0093
Solitary Sandpiper,118,2015-04-28,-86.9149,35.6194
Solitary Sandpiper,119,2015-04-29,-87.3989,36.238
Solitary Sandpiper,120,2015-04-30,-87.8904,36.8652
Solitary Sandpiper,121,2015-05-01,-88.3896,37.501
Solitary Sandpiper,122,2015-05-02,-88.8968,38.1457
Solitary Sandpiper,123,2015-05-03,-89.412,38.7992
Solitary Sandpiper,124,2015-05-04,-89.9354,39.4617
Solitary Sandpiper,125,2015-05-05,-90.4673,40.1332
Solitary Sandpiper,126,2015-05-06,-91.0079,40.8139
Solitary Sandpiper,127,2015-05-07,-91.5574,41.5039
Solitary Sandpiper,128,2015-05-08,-92.1162,42.2032
Solitary Sandpiper,129,2015-05-09,-92.6845,42.9119
Solitary Sandpiper,130,2015-05-10,-93.2625,43.6295
Solitary Sandpiper,131,2015-05-11,-93.8505,44.3542
Solitary Sandpiper,132,2015-05-12,-94.4484,45.084
Solitary Sandpiper,133,2015-05-13,-95.056,45.8166
Solitary Sandpiper,134,2015-05-14,-95.6731,46.5501
Solitary Sandpiper,135,2015-05-15,-96.2992,47.2821
Solitary Sandpiper,136,2015-05-16,-96.9338,48.0104
Solitary Sandpiper,137,2015-05-17,-97.5758,48.7325
Solitary Sandpiper,138,2015-05-18,-98.2244,49.4462
Solitary Sandpiper,139,2015-05-19,-98.8781,50.149
Solitary Sandpiper,140,2015-05-20,-99.5354,50.8385
Solitary Sandpiper,141,2015-05-21,-100.1944,51.5122
Solitary Sandpiper,142,2015-05-22,-100.8529,52.1678
Solitary Sandpiper,143,2015-05-23,-101.5085,52.8028
Solitary Sandpiper,144,2015-05-24,-102.1584,53.4149
Solitary Sandpiper,145,2015-05-25,-102.7994,54.0018
Solitary Sandpiper,146,2015-05-26,-103.428,54.5611
Solitary Sandpiper,147,2015-05-27,-104.0406,55.0907
Solitary Sandpiper,148,2015-05-28,-104.6332,55.5887
Solitary Sandpiper,149,2015-05-29,-105.2031,56.0545
Solitary Sandpiper,150,2015-05-30,-105.748,56.488
Solitary Sandpiper,151,2015-05-31,-106.2652,56.8889
Solitary Sandpiper,152,2015-06-01,-106.7525,57.2573
Solitary Sandpiper,153,2015-06-02,-107.2073,57.593
Solitary Sandpiper,154,2015-06-03,-107.6275,57.8958
Solitary Sandpiper,155,2015-06-04,-108.0107,58.1657
Solitary Sandpiper,156,2015-06-05,-108.3548,58.4025
Solitary Sandpiper,157,2015-06-06,-108.658,58.6062
Solitary Sandpiper,158,2015-06-07,-108.9184,58.7766
Solitary Sandpiper,159,2015-06-08,-109.1345,58.9134
Solitary Sandpiper,160,2015-06-09,-109.3049,59.0164
Solitary Sandpiper,161,2015-06-10,-109.4284,59.0854
Solitary Sandpiper,162,2015-06-11,-109.5041,59.12
Solitary Sandpiper,163,2015-06-12,-109.5314,59.1197
Solitary Sandpiper,164,2015-06-13,-109.5101,59.0842
Solitary Sandpiper,165,2015-06-14,-109.4399,59.0129
Solitary Sandpiper,166,2015-06-15,-109.3213,58.9053
Solitary Sandpiper,167,2015-06-16,-109.1565,58.7623
Solitary Sandpiper,168,2015-06-17,-108.9485,58.5854
Solitary Sandpiper,169,2015-06-18,-108.7005,58.3761
Solitary Sandpiper,170,2015-06-19,-108.4158,58.1358
Solitary Sandpiper,171,2015-06-20,-108.0979,57.866
Solitary Sandpiper,172,2015-06-21,-107.7502,57.5682
Solitary Sandpiper,173,2015-06-22,-107.376,57.2438
Solitary Sandpiper,174,2015-06-23,-106.9787,56.8944
Solitary Sandpiper,175,2015-06-24,-106.5616,56.5215
Solitary Sandpiper,176,2015-06-25,-106.1278,56.1267
Solitary Sandpiper,177,2015-06-26,-105.6804,55.7116
Solitary Sandpiper,178,2015-06-27,-105.2221,55.278
Solitary Sandpiper,179,2015-06-28,-104.7557,54.8275
Solitary Sandpiper,180,2015-06-29,-104.2837,54.3619
Solitary Sandpiper,181,2015-06-30,-103.8084,53.883
Solitary Sandpiper,182,2015-07-01,-103.332,53.3927
Solitary Sandpiper,183,2015-07-02,-102.8564,52.8928
Solitary Sandpiper,184,2015-07-03,-102.3836,52.3854
Solitary Sandpiper,185,2015-07-04,-101.9148,51.8721
Solitary Sandpiper,186,2015-07-05,-101.4513,51.3549
Solitary Sandpiper,187,2015-07-06,-100.9939,50.8353
Solitary Sandpiper,188,2015-07-07,-100.5436,50.3152
Solitary Sandpiper,189,2015-07-08,-100.1011,49.7963
Solitary Sandpiper,190,2015-07-09,-99.667,49.2803
Solitary Sandpiper,191,2015-07-10,-99.2419,48.7691
Solitary Sandpiper,192,2015-07-11,-98.8262,48.2644
Solitary Sandpiper,193,2015-07-12,-98.4204,47.7678
Solitary Sandpiper,194,2015-07-13,-98.0247,47.2812
Solitary Sandpiper,195,2015-07-14,-97.6395,46.8061
Solitary Sandpiper,196,2015-07-15,-97.265,46.3442
Solitary Sandpiper,197,2015-07-16,-96.9012,45.8973
Solitary Sandpiper,198,2015-07-17,-96.5484,45.4668
Solitary Sandpiper,199,2015-07-18,-96.2066,45.0544
Solitary Sandpiper,200,2015-07-19,-95.8759,44.6617
Solitary Sandpiper,201,2015-07-20,-95.5564,44.2901
Solitary Sandpiper,202,2015-07-21,-95.2479,43.9413
Solitary Sandpiper,203,2015-07-22,-94.9503,43.6158
Solitary Sandpiper,204,2015-07-23,-94.6623,43.3125
Solitary Sandpiper,205,2015-07-24,-94.3832,43.0303
Solitary Sandpiper,206,2015-07-25,-94.1118,42.7679
Solitary Sandpiper,207,2015-07-26,-93.8473,42.524
Solitary Sandpiper,208,2015-07-27,-93.5889,42.2974
Solitary Sandpiper,209,2015-07-28,-93.3358,42.0869
Solitary Sandpiper,210,2015-07-29,-93.0873,41.8913
Solitary Sandpiper,211,2015-07-30,-92.8426,41.7094
Solitary Sandpiper,212,2015-07-31,-92.6012,41.5399
Solitary Sandpiper,213,2015-08-01,-92.3624,41.3817
Solitary Sandpiper,214,2015-08-02,-92.1256,41.2336
Solitary Sandpiper,215,2015-08-03,-91.8903,41.0944
Solitary Sandpiper,216,2015-08-04,-91.6559,40.9629
Solitary Sandpiper,217,2015-08-05,-91.422,40.8379
Solitary Sandpiper,218,2015-08-06,-91.188,40.7183
Solitary Sandpiper,219,2015-08-07,-90.9536,40.6028
Solitary Sandpiper,220,2015-08-08,-90.7183,40.4904
Solitary Sandpiper,221,2015-08-09,-90.4818,40.3799
Solitary Sandpiper,222,2015-08-10,-90.2434,40.2704
Solitary Sandpiper,223,2015-08-11,-90.0029,40.1611
Solitary Sandpiper,224,2015-08-12,-89.7596,40.0512
Solitary Sandpiper,225,2015-08-13,-89.5132,39.9398
Solitary Sandpiper,226,2015-08-14,-89.2633,39.8261
Solitary Sandpiper,227,2015-08-15,-89.0095,39.7093
Solitary Sandpiper,228,2015-08-16,-88.7513,39.5884
Solitary Sandpiper,229,2015-08-17,-88.4884,39.4628
Solitary Sandpiper,230,2015-08-18,-88.2205,39.3314
Solitary Sandpiper,231,2015-08-19,-87.9471,39.1936
Solitary Sandpiper,232,2015-08-20,-87.6681,39.0483
Solitary Sandpiper,233,2015-08-21,-87.383,38.8948
Solitary Sandpiper,234,2015-08-22,-87.0916,38.7322
Solitary Sandpiper,235,2015-08-23,-86.7936,38.5597
Solitary Sandpiper,236,2015-08-24,-86.4889,38.3763
Solitary Sandpiper,237,2015-08-25,-86.1772,38.1812
Solitary Sandpiper,238,2015-08-26,-85.8583,37.9735
Solitary Sandpiper,239,2015-08-27,-85.532,37.7525
Solitary Sandpiper,240,2015-08-28,-85.1988,37.518
Solitary Sandpiper,241,2015-08-29,-84.8591,37.2702
Solitary Sandpiper,242,2015-08-30,-84.5134,37.0093
Solitary Sandpiper,243,2015-08-31,-84.1621,36.7357
Solitary Sandpiper,244,2015-09-01,-83.8057,36.4493
Solitary Sandpiper,245,2015-09-02,-83.4446,36.1506
Solitary Sandpiper,246,2015-09-03,-83.0792,35.8397
Solitary Sandpiper,247,2015-09-04,-82.7099,35.5167
Solitary Sandpiper,248,2015-09-05,-82.337,35.1818
Solitary Sandpiper,249,2015-09-06,-81.9609,34.8353
Solitary Sandpiper,250,2015-09-07,-81.582,34.4772
Solitary Sandpiper,251,2015-09-08,-81.2004,34.1077
Solitary Sandpiper,252,2015-09-09,-80.8165,33.7271
Solitary Sandpiper,253,2015-09-10,-80.4304,33.3353
Solitary Sandpiper,254,2015-09-11,-80.0425,32.9324
Solitary Sandpiper,255,2015-09-12,-79.6529,32.5187
Solitary Sandpiper,256,2015-09-13,-79.2618,32.0942
Solitary Sandpiper,257,2015-09-14,-78.8694,31.6589
Solitary Sandpiper,258,2015-09-15,-78.476,31.2131
Solitary Sandpiper,259,2015-09-16,-78.0822,30.757
Solitary Sandpiper,260,2015-09-17,-77.6886,30.291
Solitary Sandpiper,261,2015-09-18,-77.2959,29.8154
Solitary Sandpiper,262,2015-09-19,-76.9045,29.3307
Solitary Sandpiper,263,2015-09-20,-76.5151,28.8371
Solitary Sandpiper,264,2015-09-21,-76.1282,28.3352
Solitary Sandpiper,265,2015-09-22,-75.7443,27.8253
Solitary Sandpiper,266,2015-09-23,-75.364,27.3079
Solitary Sandpiper,267,2015-09-24,-74.9878,26.7834
Solitary Sandpiper,268,2015-09-25,-74.6162,26.2523
Solitary Sandpiper,269,2015-09-26,-74.2497,25.715
Solitary Sandpiper,270,2015-09-27,-73.8889,25.1721
Solitary Sandpiper,271,2015-09-28,-73.5341,24.6241
Solitary Sandpiper,272,2015-09-29,-73.186,24.0715
Solitary Sandpiper,273,2015-09-30,-72.8448,23.5149
Solitary Sandpiper,274,2015-10-01,-72.5112,22.9547
Solitary Sandpiper,275,2015-10-02,-72.1855,22.3915
Solitary Sandpiper,276,2015-10-03,-71.8682,21.826
Solitary Sandpiper,277,2015-10-04,-71.5596,21.2591
Solitary Sandpiper,278,2015-10-05,-71.2597,20.6918
Solitary Sandpiper,279,2015-10-06,-70.969,20.1248
Solitary Sandpiper,280,2015-10-07,-70.6877,19.5593
Solitary Sandpiper,281,2015-10-08,-70.416,18.9963
Solitary Sandpiper,282,2015-10-09,-70.1543,18.4366
Solitary Sandpiper,283,2015-10-10,-69.9027,17.8814
Solitary Sandpiper,284,2015-10-11,-69.6616,17.3316
Solitary Sandpiper,285,2015-10-12,-69.4312,16.7883
Solitary Sandpiper,286,2015-10-13,-69.2118,16.2526
Solitary Sandpiper,287,2015-10-14,-69.0036,15.7255
Solitary Sandpiper,288,2015-10-15,-68.8071,15.208
Solitary Sandpiper,289,2015-10-16,-68.6224,14.7012
Solitary Sandpiper,290,2015-10-17,-68.4498,14.2063
Solitary Sandpiper,291,2015-10-18,-68.2896,13.7241
Solitary Sandpiper,292,2015-10-19,-68.1422,13.2559
Solitary Sandpiper,293,2015-10-20,-68.0078,12.8026
Solitary Sandpiper,294,2015-10-21,-67.8866,12.3652
Solitary Sandpiper,295,2015-10-22,-67.7782,11.9437
Solitary Sandpiper,296,2015-10-23,-67.682,11.5382
Solitary Sandpiper,297,2015-10-24,-67.5976,11.1485
Solitary Sandpiper,298,2015-10-25,-67.5245,10.7745
Solitary Sandpiper,299,2015-10-26,-67.4621,10.4162
Solitary Sandpiper,300,2015-10-27,-67.41,10.0734
Solitary Sandpiper,301,2015-10-28,-67.3676,9.7461
Solitary Sandpiper,302,2015-10-29,-67.3345,9.4341
Solitary Sandpiper,303,2015-10-30,-67.3103,9.1372
Solitary Sandpiper,304,2015-10-31,-67.2944,8.8553
Solitary Sandpiper,305,2015-11-01,-67.2864,8.5884
Solitary Sandpiper,306,2015-11-02,-67.2858,8.3361
Solitary Sandpiper,307,2015-11-03,-67.2922,8.0985
Solitary Sandpiper,308,2015-11-04,-67.3051,7.8753
Solitary Sandpiper,309,2015-11-05,-67.3241,7.6665
Solitary Sandpiper,310,2015-11-06,-67.3488,7.4718
Solitary Sandpiper,311,2015-11-07,-67.3787,7.2911
Solitary Sandpiper,312,2015-11-08,-67.4134,7.1243
Solitary Sandpiper,313,2015-11-09,-67.4526,6.971
Solitary Sandpiper,314,2015-11-10,-67.4958,6.8308
Solitary Sandpiper,315,2015-11-11,-67.5427,6.7034
Solitary Sandpiper,316,2015-11-12,-67.5929,6.5883
Solitary Sandpiper,317,2015-11-13,-67.6461,6.4851
Solitary Sandpiper,318,2015-11-14,-67.7019,6.3934
Solitary Sandpiper,319,2015-11-15,-67.76,6.3129
Solitary Sandpiper,320,2015-11-16,-67.82,6.2432
Solitary Sandpiper,321,2015-11-17,-67.8815,6.1838
Solitary Sandpiper,322,2015-11-18,-67.9442,6.1345
Solitary Sandpiper,323,2015-11-19,-68.0077,6.0947
Solitary Sandpiper,324,2015-11-20,-68.0717,6.0642
Solitary Sandpiper,325,2015-11-21,-68.1358,6.0426
Solitary Sandpiper,326,2015-11-22,-68.1996,6.0295
Solitary Sandpiper,327,2015-11-23,-68.2627,6.0245
Solitary Sandpiper,328,2015-11-24,-68.3249,6.0272
Solitary Sandpiper,329,2015-11-25,-68.3856,6.0373
Solitary Sandpiper,330,2015-11-26,-68.4446,6.0544
Solitary Sandpiper,331,2015-11-27,-68.5017,6.0782
Solitary Sandpiper,332,2015-11-28,-68.5569,6.1083
Solitary Sandpiper,333,2015-11-29,-68.6102,6.1444
Solitary Sandpiper,334,2015-11-30,-68.6617,6.1862
Solitary Sandpiper,335,2015-12-01,-68.7113,6.2335
Solitary Sandpiper,336,2015-12-02,-68.7593,6.2858
Solitary Sandpiper,337,2015-12-03,-68.8055,6.3428
Solitary Sandpiper,338,2015-12-04,-68.85,6.4043
Solitary Sandpiper,339,2015-12-05,-68.8928,6.4698
Solitary Sandpiper,340,2015-12-06,-68.9341,6.5392
Solitary Sandpiper,341,2015-12-07,-68.9737,6.6119
Solitary Sandpiper,342,2015-12-08,-69.0117,6.6878
Solitary Sandpiper,343,2015-12-09,-69.0482,6.7665
Solitary Sandpiper,344,2015-12-10,-69.0832,6.8475
Solitary Sandpiper,345,2015-12-11,-69.1167,6.9307
Solitary Sandpiper,346,2015-12-12,-69.1488,7.0155
Solitary Sandpiper,347,2015-12-13,-69.1794,7.1018
Solitary Sandpiper,348,2015-12-14,-69.2086,7.1891
Solitary Sandpiper,349,2015-12-15,-69.2364,7.2771
Solitary Sandpiper,350,2015-12-16,-69.2628,7.3655
Solitary Sandpiper,351,2015-12-17,-69.2875,7.4538
Solitary Sandpiper,352,2015-12-18,-69.3105,7.5417
Solitary Sandpiper,353,2015-12-19,-69.3316,7.629
Solitary Sandpiper,354,2015-12-20,-69.3509,7.7151
Solitary Sandpiper,355,2015-12-21,-69.3682,7.7999
Solitary Sandpiper,356,2015-12-22,-69.3833,7.8829
Solitary Sandpiper,357,2015-12-23,-69.3962,7.9638
Solitary Sandpiper,358,2015-12-24,-69.4068,8.0423
Solitary Sandpiper,359,2015-12-25,-69.415,8.118
Solitary Sandpiper,360,2015-12-26,-69.4207,8.1906
Solitary Sandpiper,361,2015-12-27,-69.4238,8.2599
Solitary Sandpiper,362,2015-12-28,-69.4242,8.3254
Solitary Sandpiper,363,2015-12-29,-69.4219,8.3869
Solitary Sandpiper,364,2015-12-30,-69.4166,8.444
Solitary Sandpiper,365,2015-12-31,-69.4084,8.4964
White-rumped Sandpiper,1,2015-01-01,-59.722,-38.7877
White-rumped Sandpiper,2,2015-01-02,-59.7471,-39.0288
White-rumped Sandpiper,3,2015-01-03,-59.7769,-39.2591
White-rumped Sandpiper,4,2015-01-04,-59.8111,-39.4792
White-rumped Sandpiper,5,2015-01-05,-59.8494,-39.6894
White-rumped Sandpiper,6,2015-01-06,-59.8915,-39.8904
White-rumped Sandpiper,7,2015-01-07,-59.9371,-40.0824
White-rumped Sandpiper,8,2015-01-08,-59.9859,-40.266
White-rumped Sandpiper,9,2015-01-09,-60.0377,-40.4415
White-rumped Sandpiper,10,2015-01-10,-60.092,-40.6095
White-rumped Sandpiper,11,2015-01-11,-60.1487,-40.7702
White-rumped Sandpiper,12,2015-01-12,-60.2073,-40.9241
White-rumped Sandpiper,13,2015-01-13,-60.2677,-41.0717
White-rumped Sandpiper,14,2015-01-14,-60.3295,-41.2132
White-rumped Sandpiper,15,2015-01-15,-60.3923,-41.349
White-rumped Sandpiper,16,2015-01-16,-60.456,-41.4796
White-rumped Sandpiper,17,2015-01-17,-60.5202,-41.6052
White-rumped Sandpiper,18,2015-01-18,-60.5845,-41.7263
White-rumped Sandpiper,19,2015-01-19,-60.6488,-41.8433
White-rumped Sandpiper,20,2015-01-20,-60.7127,-41.9563
White-rumped Sandpiper,21,2015-01-21,-60.7759,-42.0655
White-rumped Sandpiper,22,2015-01-22,-60.8383,-42.1708
White-rumped Sandpiper,23,2015-01-23,-60.8996,-42.2719
White-rumped Sandpiper,24,2015-01-24,-60.9596,-42.369
White-rumped Sandpiper,25,2015-01-25,-61.0182,-42.4617
White-rumped Sandpiper,26,2015-01-26,-61.075,-42.55
White-rumped Sandpiper,27,2015-01-27,-61.1299,-42.6338
White-rumped Sandpiper,28,2015-01-28,-61.1827,-42.713
White-rumped Sandpiper,29,2015-01-29,-61.2331,-42.7875
White-rumped Sandpiper,30,2015-01-30,-61.2808,-42.857
White-rumped Sandpiper,31,2015-01-31,-61.3257,-42.9215
White-rumped Sandpiper,32,2015-02-01,-61.3676,-42.981
White-rumped Sandpiper,33,2015-02-02,-61.4061,-43.0351
White-rumped Sandpiper,34,2015-02-03,-61.4411,-43.0839
White-rumped Sandpiper,35,2015-02-04,-61.4724,-43.1271
White-rumped Sandpiper,36,2015-02-05,-61.4996,-43.1647
White-rumped Sandpiper,37,2015-02-06,-61.5227,-43.1965
White-rumped Sandpiper,38,2015-02-07,-61.5413,-43.2224
White-rumped Sandpiper,39,2015-02-08,-61.5554,-43.2421
White-rumped Sandpiper,40,2015-02-09,-61.5651,-43.2558
White-rumped Sandpiper,41,2015-02-10,-61.5706,-43.2631
White-rumped Sandpiper,42,2015-02-11,-61.5719,-43.264
White-rumped Sandpiper,43,2015-02-12,-61.5692,-43.2583
White-rumped Sandpiper,44,2015-02-13,-61.5627,-43.246
White-rumped Sandpiper,45,2015-02-14,-61.5524,-43.2269
White-rumped Sandpiper,46,2015-02-15,-61.5384,-43.2009
White-rumped Sandpiper,47,2015-02-16,-61.5209,-43.1678
White-rumped Sandpiper,48,2015-02-17,-61.5,-43.1275
White-rumped Sandpiper,49,2015-02-18,-61.4758,-43.0798
White-rumped Sandpiper,50,2015-02-19,-61.4485,-43.0246
White-rumped Sandpiper,51,2015-02-20,-61.4182,-42.9618
White-rumped Sandpiper,52,2015-02-21,-61.385,-42.8911
White-rumped Sandpiper,53,2015-02-22,-61.349,-42.8125
White-rumped Sandpiper,54,2015-02-23,-61.3103,-42.7257
White-rumped Sandpiper,55,2015-02-24,-61.2692,-42.6305
White-rumped Sandpiper,56,2015-02-25,-61.2256,-42.5268
White-rumped Sandpiper,57,2015-02-26,-61.1799,-42.4141
White-rumped Sandpiper,58,2015-02-27,-61.1321,-42.2918
White-rumped Sandpiper,59,2015-02-28,-61.0826,-42.1593
White-rumped Sandpiper,60,2015-03-01,-61.0315,-42.0158
White-rumped Sandpiper,61,2015-03-02,-60.9792,-41.8606
White-rumped Sandpiper,62,2015-03-03,-60.9258,-41.6929
White-rumped Sandpiper,63,2015-03-04,-60.8715,-41.5122
White-rumped Sandpiper,64,2015-03-05,-60.8167,-41.3175
White-rumped Sandpiper,65,2015-03-06,-60.7616,-41.1081
White-rumped Sandpiper,66,2015-03-07,-60.7063,-40.8831
White-rumped Sandpiper,67,2015-03-08,-60.6512,-40.6419
White-rumped Sandpiper,68,2015-03-09,-60.5964,-40.3834
White-rumped Sandpiper,69,2015-03-10,-60.5422,-40.1069
White-rumped Sandpiper,70,2015-03-11,-60.4889,-39.8114
White-rumped Sandpiper,71,2015-03-12,-60.4367,-39.4959
White-rumped Sandpiper,72,2015-03-13,-60.3859,-39.1595
White-rumped Sandpiper,73,2015-03-14,-60.3366,-38.8013
White-rumped Sandpiper,74,2015-03-15,-60.2891,-38.42
White-rumped Sandpiper,75,2015-03-16,-60.244,-38.015
White-rumped Sandpiper,76,2015-03-17,-60.2023,-37.5855
White-rumped Sandpiper,77,2015-03-18,-60.1654,-37.1312
White-rumped Sandpiper,78,2015-03-19,-60.1344,-36.6514
White-rumped Sandpiper,79,2015-03-20,-60.1105,-36.1456
White-rumped Sandpiper,80,2015-03-21,-60.095,-35.6133
White-rumped Sandpiper,81,2015-03-22,-60.0889,-35.0536
White-rumped Sandpiper,82,2015-03-23,-60.0935,-34.4661
White-rumped Sandpiper,83,2015-03-24,-60.11,-33.85
White-rumped Sandpiper,84,2015-03-25,-60.1393,-33.2045
White-rumped Sandpiper,85,2015-03-26,-60.1828,-32.5289
White-rumped Sandpiper,86,2015-03-27,-60.2415,-31.8225
White-rumped Sandpiper,87,2015-03-28,-60.3164,-31.0843
White-rumped Sandpiper,88,2015-03-29,-60.4087,-30.3136
White-rumped Sandpiper,89,2015-03-30,-60.5195,-29.5094
White-rumped Sandpiper,90,2015-03-31,-60.6498,-28.6708
White-rumped Sandpiper,91,2015-04-01,-60.8007,-27.797
White-rumped Sandpiper,92,2015-04-02,-60.9733,-26.8871
White-rumped Sandpiper,93,2015-04-03,-61.1683,-25.9403
White-rumped Sandpiper,94,2015-04-04,-61.3859,-24.9567
White-rumped Sandpiper,95,2015-04-05,-61.6261,-23.937
White-rumped Sandpiper,96,2015-04-06,-61.889,-22.8816
White-rumped Sandpiper,97,2015-04-07,-62.1744,-21.7911
White-rumped Sandpiper,98,2015-04-08,-62.4824,-20.6662
White-rumped Sandpiper,99,2015-04-09,-62.8131,-19.5078
White-rumped Sandpiper,100,2015-04-10,-63.1666,-18.3167
White-rumped Sandpiper,101,2015-04-11,-63.5428,-17.0939
White-rumped Sandpiper,102,2015-04-12,-63.9418,-15.8406
White-rumped Sandpiper,103,2015-04-13,-64.3639,-14.5582
White-rumped Sandpiper,104,2015-04-14,-64.8092,-13.2478
White-rumped Sandpiper,105,2015-04-15,-65.2778,-11.9112
White-rumped Sandpiper,106,2015-04-16,-65.77,-10.55
White-rumped Sandpiper,107,2015-04-17,-66.2859,-9.166
White-rumped Sandpiper,108,2015-04-18,-66.8259,-7.7611
White-rumped Sandpiper,109,2015-04-19,-67.3902,-6.3375
White-rumped Sandpiper,110,2015-04-20,-67.9791,-4.8973
White-rumped Sandpiper,111,2015-04-21,-68.5928,-3.443
White-rumped Sandpiper,112,2015-04-22,-69.2295,-1.9773
White-rumped Sandpiper,113,2015-04-23,-69.8864,-0.5035
White-rumped Sandpiper,114,2015-04-24,-70.5612,0.9752
White-rumped Sandpiper,115,2015-04-25,-71.2512,2.4558
White-rumped Sandpiper,116,2015-04-26,-71.9541,3.9349
White-rumped Sandpiper,117,2015-04-27,-72.6674,5.4097
White-rumped Sandpiper,118,2015-04-28,-73.3889,6.8773
White-rumped Sandpiper,119,2015-04-29,-74.1163,8.3349
White-rumped Sandpiper,120,2015-04-30,-74.8474,9.7801
White-rumped Sandpiper,121,2015-05-01,-75.5801,11.2106
White-rumped Sandpiper,122,2015-05-02,-76.3124,12.6245
White-rumped Sandpiper,123,2015-05-03,-77.0423,14.0201
White-rumped Sandpiper,124,2015-05-04,-77.7678,15.3961
White-rumped Sandpiper,125,2015-05-05,-78.4873,16.7513
White-rumped Sandpiper,126,2015-05-06,-79.1987,18.0849
White-rumped Sandpiper,127,2015-05-07,-79.9005,19.3966
White-rumped Sandpiper,128,2015-05-08,-80.5909,20.6861
White-rumped Sandpiper,129,2015-05-09,-81.2685,21.9537
White-rumped Sandpiper,130,2015-05-10,-81.9322,23.1998
White-rumped Sandpiper,131,2015-05-11,-82.5817,24.4255
White-rumped Sandpiper,132,2015-05-12,-83.2168,25.6317
White-rumped Sandpiper,133,2015-05-13,-83.8369,26.8195
White-rumped Sandpiper,134,2015-05-14,-84.4416,27.9899
White-rumped Sandpiper,135,2015-05-15,-85.0304,29.144
White-rumped Sandpiper,136,2015-05-16,-85.6028,30.2831
White-rumped Sandpiper,137,2015-05-17,-86.158,31.4082
White-rumped Sandpiper,138,2015-05-18,-86.6955,32.5206
White-rumped Sandpiper,139,2015-05-19,-87.2143,33.6216
White-rumped Sandpiper,140,2015-05-20,-87.7138,34.7123
White-rumped Sandpiper,141,2015-05-21,-88.1929,35.7941
White-rumped Sandpiper,142,2015-05-22,-88.6506,36.8684
White-rumped Sandpiper,143,2015-05-23,-89.0858,37.9364
White-rumped Sandpiper,144,2015-05-24,-89.4972,38.9995
White-rumped Sandpiper,145,2015-05-25,-89.8833,40.0592
White-rumped Sandpiper,146,2015-05-26,-90.2425,41.1168
White-rumped Sandpiper,147,2015-05-27,-90.5731,42.1737
White-rumped Sandpiper,148,2015-05-28,-90.8743,43.2306
White-rumped Sandpiper,149,2015-05-29,-91.1468,44.2865
White-rumped Sandpiper,150,2015-05-30,-91.3913,45.3406
White-rumped Sandpiper,151,2015-05-31,-91.6082,46.3916
White-rumped Sandpiper,152,2015-06-01,-91.7979,47.4381
White-rumped Sandpiper,153,2015-06-02,-91.9608,48.4785
White-rumped Sandpiper,154,2015-06-03,-92.0968,49.5109
White-rumped Sandpiper,155,2015-06-04,-92.2061,50.5334
White-rumped Sandpiper,156,2015-06-05,-92.2887,51.5439
White-rumped Sandpiper,157,2015-06-06,-92.3445,52.54
White-rumped Sandpiper,158,2015-06-07,-92.3734,53.5194
White-rumped Sandpiper,159,2015-06-08,-92.3753,54.4793
White-rumped Sandpiper,160,2015-06-09,-92.35,55.4171
White-rumped Sandpiper,161,2015-06-10,-92.2975,56.33
White-rumped Sandpiper,162,2015-06-11,-92.2178,57.215
White-rumped Sandpiper,163,2015-06-12,-92.1112,58.0692
White-rumped Sandpiper,164,2015-06-13,-91.9778,58.8895
White-rumped Sandpiper,165,2015-06-14,-91.8184,59.6727
White-rumped Sandpiper,166,2015-06-15,-91.6333,60.4165
White-rumped Sandpiper,167,2015-06-16,-91.4228,61.1203
White-rumped Sandpiper,168,2015-06-17,-91.1869,61.7837
White-rumped Sandpiper,169,2015-06-18,-90.9261,62.4063
White-rumped Sandpiper,170,2015-06-19,-90.641,62.9879
White-rumped Sandpiper,171,2015-06-20,-90.3325,63.5281
White-rumped Sandpiper,172,2015-06-21,-90.0019,64.0266
White-rumped Sandpiper,173,2015-06-22,-89.6506,64.4832
White-rumped Sandpiper,174,2015-06-23,-89.2804,64.8977
White-rumped Sandpiper,175,2015-06-24,-88.8934,65.2698
White-rumped Sandpiper,176,2015-06-25,-88.492,65.5992
White-rumped Sandpiper,177,2015-06-26,-88.0789,65.8858
White-rumped Sandpiper,178,2015-06-27,-87.657,66.1293
White-rumped Sandpiper,179,2015-06-28,-87.2296,66.3297
White-rumped Sandpiper,180,2015-06-29,-86.7999,66.4867
White-rumped Sandpiper,181,2015-06-30,-86.3715,66.6001
White-rumped Sandpiper,182,2015-07-01,-85.948,66.6699
White-rumped Sandpiper,183,2015-07-02,-85.5329,66.6959
White-rumped Sandpiper,184,2015-07-03,-85.1294,66.6783
White-rumped Sandpiper,185,2015-07-04,-84.7384,66.6192
White-rumped Sandpiper,186,2015-07-05,-84.3603,66.5207
White-rumped Sandpiper,187,2015-07-06,-83.995,66.385
White-rumped Sandpiper,188,2015-07-07,-83.6422,66.2144
White-rumped Sandpiper,189,2015-07-08,-83.3016,66.011
White-rumped Sandpiper,190,2015-07-09,-82.9723,65.7769
White-rumped Sandpiper,191,2015-07-10,-82.6537,65.5143
White-rumped Sandpiper,192,2015-07-11,-82.3446,65.2251
White-rumped Sandpiper,193,2015-07-12,-82.044,64.9115
White-rumped Sandpiper,194,2015-07-13,-81.7507,64.5753
White-rumped Sandpiper,195,2015-07-14,-81.4634,64.2187
White-rumped Sandpiper,196,2015-07-15,-81.1808,63.8434
White-rumped Sandpiper,197,2015-07-16,-80.9015,63.4515
White-rumped Sandpiper,198,2015-07-17,-80.624,63.0448
White-rumped Sandpiper,199,2015-07-18,-80.3471,62.6251
White-rumped Sandpiper,200,2015-07-19,-80.0692,62.1942
White-rumped Sandpiper,201,2015-07-20,-79.7889,61.754
White-rumped Sandpiper,202,2015-07-21,-79.5049,61.306
White-rumped Sandpiper,203,2015-07-22,-79.217,60.8507
White-rumped Sandpiper,204,2015-07-23,-78.9254,60.3881
White-rumped Sandpiper,205,2015-07-24,-78.6303,59.9182
White-rumped Sandpiper,206,2015-07-25,-78.3317,59.4409
White-rumped Sandpiper,207,2015-07-26,-78.03,58.9562
White-rumped Sandpiper,208,2015-07-27,-77.7251,58.4642
White-rumped Sandpiper,209,2015-07-28,-77.4173,57.9648
White-rumped Sandpiper,210,2015-07-29,-77.1067,57.4579
White-rumped Sandpiper,211,2015-07-30,-76.7934,56.9436
White-rumped Sandpiper,212,2015-07-31,-76.4774,56.4219
White-rumped Sandpiper,213,2015-08-01,-76.1588,55.8928
White-rumped Sandpiper,214,2015-08-02,-75.8378,55.3562
White-rumped Sandpiper,215,2015-08-03,-75.5144,54.8121
White-rumped Sandpiper,216,2015-08-04,-75.1886,54.2606
White-rumped Sandpiper,217,2015-08-05,-74.8606,53.7017
White-rumped Sandpiper,218,2015-08-06,-74.5302,53.1353
White-rumped Sandpiper,219,2015-08-07,-74.1977,52.5615
White-rumped Sandpiper,220,2015-08-08,-73.8629,51.9803
White-rumped Sandpiper,221,2015-08-09,-73.5265,51.3917
White-rumped Sandpiper,222,2015-08-10,-73.1893,50.7957
White-rumped Sandpiper,223,2015-08-11,-72.852,50.1924
White-rumped Sandpiper,224,2015-08-12,-72.5154,49.5818
White-rumped Sandpiper,225,2015-08-13,-72.1802,48.964
White-rumped Sandpiper,226,2015-08-14,-71.8473,48.3392
White-rumped Sandpiper,227,2015-08-15,-71.5171,47.7074
White-rumped Sandpiper,228,2015-08-16,-71.1905,47.0689
White-rumped Sandpiper,229,2015-08-17,-70.868,46.4239
White-rumped Sandpiper,230,2015-08-18,-70.5502,45.7725
White-rumped Sandpiper,231,2015-08-19,-70.2377,45.1151
White-rumped Sandpiper,232,2015-08-20,-69.9311,44.4519
White-rumped Sandpiper,233,2015-08-21,-69.6309,43.7832
White-rumped Sandpiper,234,2015-08-22,-69.3377,43.1094
White-rumped Sandpiper,235,2015-08-23,-69.0518,42.4307
White-rumped Sandpiper,236,2015-08-24,-68.7739,41.7476
White-rumped Sandpiper,237,2015-08-25,-68.5044,41.0604
White-rumped Sandpiper,238,2015-08-26,-68.2437,40.3696
White-rumped Sandpiper,239,2015-08-27,-67.9919,39.6759
White-rumped Sandpiper,240,2015-08-28,-67.7488,38.9802
White-rumped Sandpiper,241,2015-08-29,-67.514,38.2836
White-rumped Sandpiper,242,2015-08-30,-67.2872,37.5871
White-rumped Sandpiper,243,2015-08-31,-67.068,36.8918
White-rumped Sandpiper,244,2015-09-01,-66.8562,36.1986
White-rumped Sandpiper,245,2015-09-02,-66.6513,35.5086
White-rumped Sandpiper,246,2015-09-03,-66.4532,34.8227
White-rumped Sandpiper,247,2015-09-04,-66.2614,34.1419
White-rumped Sandpiper,248,2015-09-05,-66.0756,33.4671
White-rumped Sandpiper,249,2015-09-06,-65.8956,32.7994
White-rumped Sandpiper,250,2015-09-07,-65.7211,32.1395
White-rumped Sandpiper,251,2015-09-08,-65.5516,31.4884
White-rumped Sandpiper,252,2015-09-09,-65.387,30.847
White-rumped Sandpiper,253,2015-09-10,-65.2269,30.2161
White-rumped Sandpiper,254,2015-09-11,-65.071,29.5966
White-rumped Sandpiper,255,2015-09-12,-64.9191,28.9892
White-rumped Sandpiper,256,2015-09-13,-64.7709,28.3949
White-rumped Sandpiper,257,2015-09-14,-64.6261,27.814
White-rumped Sandpiper,258,2015-09-15,-64.4849,27.2463
White-rumped Sandpiper,259,2015-09-16,-64.3473,26.6912
White-rumped Sandpiper,260,2015-09-17,-64.2134,26.1486
White-rumped Sandpiper,261,2015-09-18,-64.0834,25.6178
White-rumped Sandpiper,262,2015-09-19,-63.9572,25.0985
White-rumped Sandpiper,263,2015-09-20,-63.8351,24.5903
White-rumped Sandpiper,264,2015-09-21,-63.7171,24.0928
White-rumped Sandpiper,265,2015-09-22,-63.6034,23.6055
White-rumped Sandpiper,266,2015-09-23,-63.4941,23.1281
White-rumped Sandpiper,267,2015-09-24,-63.3894,22.6601
White-rumped Sandpiper,268,2015-09-25,-63.2894,22.201
White-rumped Sandpiper,269,2015-09-26,-63.1943,21.7506
White-rumped Sandpiper,270,2015-09-27,-63.1042,21.3083
White-rumped Sandpiper,271,2015-09-28,-63.0193,20.8738
White-rumped Sandpiper,272,2015-09-29,-62.9398,20.4466
White-rumped Sandpiper,273,2015-09-30,-62.8659,20.0263
White-rumped Sandpiper,274,2015-10-01,-62.7979,19.6125
White-rumped Sandpiper,275,2015-10-02,-62.7357,19.2046
White-rumped Sandpiper,276,2015-10-03,-62.6793,18.8011
White-rumped Sandpiper,277,2015-10-04,-62.6283,18.4005
White-rumped Sandpiper,278,2015-10-05,-62.5824,18.0012
White-rumped Sandpiper,279,2015-10-06,-62.5413,17.6015
White-rumped Sandpiper,280,2015-10-07,-62.5046,17.1997
White-rumped Sandpiper,281,2015-10-08,-62.4723,16.7944
White-rumped Sandpiper,282,2015-10-09,-62.4438,16.3837
White-rumped Sandpiper,283,2015-10-10,-62.4191,15.9662
White-rumped Sandpiper,284,2015-10-11,-62.3977,15.54
White-rumped Sandpiper,285,2015-10-12,-62.3795,15.1036
White-rumped Sandpiper,286,2015-10-13,-62.3641,14.6552
White-rumped Sandpiper,287,2015-10-14,-62.3513,14.1933
White-rumped Sandpiper,288,2015-10-15,-62.3408,13.7161
White-rumped Sandpiper,289,2015-10-16,-62.3323,13.222
White-rumped Sandpiper,290,2015-10-17,-62.3256,12.7093
White-rumped Sandpiper,291,2015-10-18,-62.3204,12.1763
White-rumped Sandpiper,292,2015-10-19,-62.3163,11.6216
White-rumped Sandpiper,293,2015-10-20,-62.3131,11.0436
White-rumped Sandpiper,294,2015-10-21,-62.3105,10.442
White-rumped Sandpiper,295,2015-10-22,-62.3083,9.8167
White-rumped Sandpiper,296,2015-10-23,-62.3061,9.168
White-rumped Sandpiper,297,2015-10-24,-62.3036,8.4958
White-rumped Sandpiper,298,2015-10-25,-62.3007,7.8006
White-rumped Sandpiper,299,2015-10-26,-62.2969,7.0826
White-rumped Sandpiper,300,2015-10-27,-62.292,6.3421
White-rumped Sandpiper,301,2015-10-28,-62.2858,5.5796
White-rumped Sandpiper,302,2015-10-29,-62.2779,4.7956
White-rumped Sandpiper,303,2015-10-30,-62.268,3.9907
White-rumped Sandpiper,304,2015-10-31,-62.256,3.1655
White-rumped Sandpiper,305,2015-11-01,-62.2414,2.321
White-rumped Sandpiper,306,2015-11-02,-62.224,1.4578
White-rumped Sandpiper,307,2015-11-03,-62.2035,0.5769
White-rumped Sandpiper,308,2015-11-04,-62.1797,-0.3206
White-rumped Sandpiper,309,2015-11-05,-62.1522,-1.2337
White-rumped Sandpiper,310,2015-11-06,-62.1209,-2.1612
White-rumped Sandpiper,311,2015-11-07,-62.0855,-3.1018
White-rumped Sandpiper,312,2015-11-08,-62.046,-4.0535
White-rumped Sandpiper,313,2015-11-09,-62.0028,-5.0138
White-rumped Sandpiper,314,2015-11-10,-61.956,-5.9804
White-rumped Sandpiper,315,2015-11-11,-61.9061,-6.9509
White-rumped Sandpiper,316,2015-11-12,-61.8533,-7.9231
White-rumped Sandpiper,317,2015-11-13,-61.7978,-8.8948
White-rumped Sandpiper,318,2015-11-14,-61.74,-9.8641
White-rumped Sandpiper,319,2015-11-15,-61.6801,-10.8289
White-rumped Sandpiper,320,2015-11-16,-61.6184,-11.7876
White-rumped Sandpiper,321,2015-11-17,-61.5552,-12.7386
White-rumped Sandpiper,322,2015-11-18,-61.4906,-13.6802
White-rumped Sandpiper,323,2015-11-19,-61.425,-14.6113
White-rumped Sandpiper,324,2015-11-20,-61.3586,-15.5306
White-rumped Sandpiper,325,2015-11-21,-61.2916,-16.437
White-rumped Sandpiper,326,2015-11-22,-61.2242,-17.3296
White-rumped Sandpiper,327,2015-11-23,-61.1567,-18.2077
White-rumped Sandpiper,328,2015-11-24,-61.0893,-19.0705
White-rumped Sandpiper,329,2015-11-25,-61.0221,-19.9175
White-rumped Sandpiper,330,2015-11-26,-60.9553,-20.7483
White-rumped Sandpiper,331,2015-11-27,-60.889,-21.5627
White-rumped Sandpiper,332,2015-11-28,-60.8234,-22.3603
White-rumped Sandpiper,333,2015-11-29,-60.7584,-23.1409
White-rumped Sandpiper,334,2015-11-30,-60.6942,-23.9043
White-rumped Sandpiper,335,2015-12-01,-60.6309,-24.6502
White-rumped Sandpiper,336,2015-12-02,-60.5686,-25.3785
White-rumped Sandpiper,337,2015-12-03,-60.5073,-26.0889
White-rumped Sandpiper,338,2015-12-04,-60.4473,-26.7812
White-rumped Sandpiper,339,2015-12-05,-60.3885,-27.4552
White-rumped Sandpiper,340,2015-12-06,-60.3312,-28.1108
White-rumped Sandpiper,341,2015-12-07,-60.2754,-28.7479
White-rumped Sandpiper,342,2015-12-08,-60.2212,-29.3662
White-rumped Sandpiper,343,2015-12-09,-60.1687,-29.9656
White-rumped Sandpiper,344,2015-12-10,-60.1181,-30.546
White-rumped Sandpiper,345,2015-12-11,-60.0695,-31.1072
White-rumped Sandpiper,346,2015-12-12,-60.0229,-31.6491
White-rumped Sandpiper,347,2015-12-13,-59.9786,-32.1716
White-rumped Sandpiper,348,2015-12-14,-59.9366,-32.6748
White-rumped Sandpiper,349,2015-12-15,-59.8972,-33.1591
White-rumped Sandpiper,350,2015-12-16,-59.8603,-33.6254
White-rumped Sandpiper,351,2015-12-17,-59.8262,-34.074
White-rumped Sandpiper,352,2015-12-18,-59.7951,-34.5057
White-rumped Sandpiper,353,2015-12-19,-59.767,-34.9209
White-rumped Sandpiper,354,2015-12-20,-59.7421,-35.3201
White-rumped Sandpiper,355,2015-12-21,-59.7205,-35.704
White-rumped Sandpiper,356,2015-12-22,-59.7025,-36.0728
White-rumped Sandpiper,357,2015-12-23,-59.6881,-36.4272
White-rumped Sandpiper,358,2015-12-24,-59.6774,-36.7674
White-rumped Sandpiper,359,2015-12-25,-59.6708,-37.0941
White-rumped Sandpiper,360,2015-12-26,-59.6682,-37.4074
White-rumped Sandpiper,361,2015-12-27,-59.6699,-37.7079
White-rumped Sandpiper,362,2015-12-28,-59.6759,-37.9958
White-rumped Sandpiper,363,2015-12-29,-59.6865,-38.2715
White-rumped Sandpiper,364,2015-12-30,-59.7018,-38.5354
White-rumped Sandpiper,365,2015-12-31,-59.722,-38.7877
