concentration,time_upper_stdev,time_lower_stdev
1,6.045248033,3.613662847
2,5.401294764,3.824075617
3,4.887666915,3.589602526
4,5.085117436,3.095542649
5,5.077705053,2.308345226
6,4.827882104,2.609061422
7,4.20412807,2.142608344
8,3.940199856,1.69703469
9,3.949790355,1.667646871
10,3.959713557,1.102968839